code,name
920079,N乔路铭
920305,云创退
300688,创业黑马
300834,星辉环材
300779,惠城环保
301583,托伦斯
301234,五洲医疗
300105,龙源技术
300006,莱美药业
688049,炬芯科技
301165,锐捷网络
300988,津荣天宇
688166,博瑞医药
301520,万邦医药
920198,微创光电
301191,菲菱科思
301030,*ST仕净
301536,星宸科技
300040,九洲集团
300875,捷强装备
688071,华依科技
300317,珈伟新能
688620,安凯微
300818,耐普矿机
688515,裕太微-U
300458,全志科技
688669,聚石化学
688046,药康生物
301008,宏昌科技
300990,同飞股份
000595,新能股份
300572,安车检测
603162,海通发展
603803,瑞斯康达
603725,天安新材
002953,日丰股份
600403,大有能源
600396,华电辽能
002879,长缆科技
000815,美利云
605162,新中港
002793,罗欣药业
605028,世茂能源
002575,群兴玩具
002545,东方铁塔
603988,中电电机
000975,山金国际
603580,艾艾精工
603893,瑞芯微
000839,国安股份
603619,中曼石油
603629,利通电子
000838,*ST发展
002412,汉森制药
603407,长裕集团
002900,哈三联
603296,华勤技术
002213,大为股份
600726,华电能源
000603,盛达资源
605196,华通线缆
605155,西大门
001258,立新能源
600722,金牛化工
603118,共进股份
603979,金诚信
603221,爱丽家居
603822,ST嘉澳
000506,招金黄金
600744,华银电力
600644,乐山电力
301151,冠龙节能
002515,金字火腿
002197,证通电子
000566,海南海药
600594,益佰制药
688679,通源环境
301367,瑞迈特
002396,星网锐捷
301273,瑞晨环保
920166,海圣医疗
920651,天罡股份
600711,盛屯矿业
300804,广康生化
920367,新赣江
603377,ST东时
300164,通源石油
688702,盛科通信-U
603459,红板科技
301535,浙江华远
920046,亿能电力
600236,桂冠电力
300896,爱美客
603818,曲美家居
000034,神州数码
300335,迪森股份
300139,晓程科技
002759,ST天际
000938,紫光股份
300895,铜牛信息
301012,扬电科技
920088,科力股份
301316,慧博云通
002156,通富微电
000571,新大洲A
300689,澄天伟业
920403,康农种业
300191,潜能恒信
601168,西部矿业
300795,米奥会展
600988,赤峰黄金
600400,红豆股份
001202,炬申股份
300843,胜蓝股份
000063,中兴通讯
002957,科瑞技术
300072,海新能科
688710,益诺思
301190,善水科技
001229,魅视科技
000037,深南电A
002436,兴森科技
000426,兴业银锡
001280,中国铀业
600121,郑州煤电
601872,招商轮船
688099,晶晨股份
600331,宏达股份
002824,和胜股份
601233,桐昆股份
300643,万通智控
688683,莱尔科技
300483,首华燃气
688052,纳芯微
301633,港迪技术
688619,罗普特
002768,国恩股份
600188,兖矿能源
000539,粤电力Ａ
920508,殷图网联
001328,登康口腔
688797,臻宝科技
603871,嘉友国际
601899,紫金矿业
600032,浙江新能
002208,合肥城建
000526,学大教育
300369,绿盟科技
002015,协鑫能科
920476,海能技术
600489,中金黄金
300209,行云科技
000078,ST海王
600475,华光环能
603768,常青股份
603120,肯特催化
301033,迈普医学
601699,潞安环能
601996,丰林集团
300951,博硕科技
002582,好想你
688018,乐鑫科技
300662,科锐国际
601155,新城控股
603496,恒为科技
002493,荣盛石化
688202,美迪西
002490,山东墨龙
301055,张小泉
920953,国子软件
002360,ST同德
300465,高伟达
300638,广和通
920943,优机股份
600547,山东黄金
600602,云赛智联
000408,藏格矿业
600936,北投科技
688332,中科蓝讯
001896,豫能控股
002258,利尔化学
600408,安泰集团
688293,奥浦迈
002333,罗普斯金
688629,华丰科技
300274,阳光电源
920072,科莱瑞迪
600871,石化油服
300768,迪普科技
002775,文科股份
001337,四川黄金
605599,菜百股份
688343,云天励飞-U
300832,新产业
002141,贤丰控股
600362,江西铜业
000683,博源化工
600671,天目药业
600797,浙大网新
603137,恒尚节能
002738,中矿资源
002439,启明星辰
601012,隆基绿能
002064,华峰化学
001872,招商港口
000949,新乡化纤
688363,华熙生物
301108,洁雅股份
600026,中远海能
600100,同方股份
300738,奥飞数据
920926,鸿智科技
600654,中安科
688038,中科通达
000893,亚钾国际
002625,光启技术
600989,宝丰能源
002897,意华股份
601666,平煤股份
002067,景兴纸业
300862,蓝盾光电
300157,新锦动力
301578,辰奕智能
000889,中嘉博创
603993,洛阳钼业
601991,大唐发电
001233,海安集团
300175,朗源股份
300671,富满微
601101,昊华能源
001979,招商蛇口
300606,金太阳
603402,陕西旅游
603353,和顺石油
603595,ST东尼
600346,恒力石化
600426,华鲁恒升
000628,高新发展
300663,科蓝软件
300419,ST浩丰
002345,潮宏基
603693,江苏新能
600938,中国海油
301310,鑫宏业
000722,湖南发展
601975,招商南油
002138,顺络电子
688141,杰华特
300603,立昂技术
600262,北方股份
603733,仙鹤股份
300669,沪宁股份
920299,灿能电力
603538,美诺华
002695,煌上煌
000767,晋控电力
301380,挖金客
000582,北部湾港
002891,中宠股份
603777,来伊份
688561,奇安信-U
301365,矩阵股份
600984,建设机械
301186,超达装备
603185,弘元绿能
002409,雅克科技
002798,帝欧水华
001248,华润新能
920278,鹿得医疗
603019,中科曙光
603843,*ST正平
603068,博通集成
000792,盐湖股份
601015,陕西黑猫
603327,福蓉科技
601069,西部黄金
600702,舍得酒业
605011,杭州热电
688591,泰凌微
603124,江南新材
600129,太极集团
605111,新洁能
600039,四川路桥
600684,珠江股份
920087,秋乐种业
002132,恒星科技
301638,南网数字
300504,天邑股份
300242,佳云科技
600219,南山铝业
000862,银星能源
000021,深科技
603198,迎驾贡酒
600246,万通发展
301282,金禄电子
300584,海辰药业
002008,大族激光
601898,中煤能源
300167,ST迪威迅
688195,腾景科技
600610,中毅达
300541,先进数通
603599,广信股份
600227,赤天化
688677,海泰新光
002422,科伦药业
600598,北大荒
600199,金种子酒
688608,恒玄科技
920925,锦好医疗
301609,山大电力
600395,盘江股份
300654,世纪天鸿
000878,云南铜业
688728,格科微
002025,航天电器
001257,盛龙股份
300802,矩子科技
002667,*ST威领
920634,新威凌
688381,帝奥微
600048,保利发展
601225,陕西煤业
300651,金陵体育
000923,河钢资源
688196,卓越新能
600536,中国软件
603192,汇得科技
688220,翱捷科技-U
300480,光力科技
601121,宝地矿业
002192,融捷股份
600844,金煤科技
000819,岳阳兴长
688328,深科达
002539,云图控股
600792,云煤能源
688486,龙迅股份
300338,*ST开元
603123,翠微股份
000703,恒逸石化
601601,中国太保
000899,赣能股份
000739,普洛药业
002155,湖南黄金
301075,多瑞医药
300683,海特生物
600234,科新发展
688072,拓荆科技
001221,悍高集团
688069,德林海
600438,通威股份
603800,洪田股份
600490,鹏欣资源
600376,首开股份
002244,滨江集团
600578,京能电力
601615,明阳智能
600985,淮北矿业
600821,金开新能
603236,移远通信
920493,并行科技
300998,宁波方正
600583,海油工程
002072,凯瑞德
003043,华亚智能
600339,中油工程
002319,乐通股份
300351,永贵电器
603435,嘉德利
603605,XD珀莱雅
603338,浙江鼎力
600863,华能蒙电
300968,格林精密
003035,南网能源
002547,*ST春兴
000036,华联控股
600929,雪天盐业
300316,晶盛机电
000680,山推股份
301017,漱玉平民
300771,智莱科技
920914,远航精密
000601,韶能股份
600809,山西汾酒
920982,锦波生物
600499,科达制造
920122,中纺标
002756,永兴材料
600482,中国动力
000059,华锦股份
688023,安恒信息
002348,高乐股份
002165,红 宝 丽
603228,景旺电子
600337,ST美克
600309,万华化学
000968,蓝焰控股
300957,贝泰妮
300493,润欣科技
688062,迈威生物-U
002913,奥士康
301072,中捷精工
601808,中海油服
600691,潞化科技
300506,名家汇
002379,宏桥控股
300039,上海凯宝
000661,长春高新
001203,大中矿业
300664,鹏鹞环保
601888,中国中免
300204,舒泰神
300575,中旗股份
601212,白银有色
600206,有研新材
002262,恩华药业
603456,九洲药业
603071,物产环能
600779,水井坊
300235,方直科技
600486,扬农化工
002795,永和智控
300602,飞荣达
000737,北方铜业
600325,华发股份
600521,华海药业
601600,中国铝业
001288,运机集团
000554,泰山石油
600968,海油发展
300571,平治信息
920058,华洋赛车
300976,达瑞电子
603393,新天然气
600758,辽宁能源
002274,华昌化工
603703,盛洋科技
601677,明泰铝业
300622,博士眼镜
001376,百通能源
301080,百普赛斯
688261,东微半导
920010,凯添燃气
600009,上海机场
600719,大连热电
002648,卫星化学
600756,浪潮软件
600546,山煤国际
301669,高特电子
688113,联测科技
920163,方大新材
920876,慧为智能
000983,山西焦煤
920571,国航远洋
603298,杭叉集团
002317,众生药业
603087,甘李药业
000830,鲁西化工
601567,三星电气
920218,新天力
600415,小商品城
688350,富淼科技
920438,戈碧迦
605296,神农集团
688321,微芯生物
688809,强一股份
000759,中百集团
000525,红太阳
600096,云天化
002261,拓维信息
002843,泰嘉股份
300736,百邦科技
002281,光迅科技
300246,宝莱特
601020,华钰矿业
002371,北方华创
002864,盘龙药业
002881,美格智能
301047,义翘神州
600256,广汇能源
300205,*ST天喻
002365,永安药业
002459,晶澳科技
000970,中科三环
600163,中闽能源
300443,金雷股份
000960,锡业股份
600299,安迪苏
920014,特瑞斯
601113,华鼎股份
688796,百奥赛图
002175,*ST东智
600506,统一股份
000555,神州信息
603983,丸美生物
603919,金徽酒
300826,测绘股份
601969,海南矿业
000537,绿发电力
600322,津投城开
600267,海正药业
300189,神农种业
002987,京北方
603669,灵康药业
603183,建研院
600539,狮头股份
000547,航天发展
000069,华侨城Ａ
600664,哈药股份
300131,英唐智控
688480,赛恩斯
600537,*ST亿晶
300857,协创数据
600123,兰花科创
603881,数据港
002432,九安医疗
600759,ST洲际
600588,用友网络
600379,宝光股份
002895,川恒股份
601857,中国石油
000056,*ST皇庭
300404,博济医药
300937,药易购
601061,中信金属
300902,国安达
605299,舒华体育
002001,新 和 成
603062,麦加芯彩
300613,富瀚微
600383,金地集团
605099,共创草坪
301381,赛维时代
600777,新潮能源
601865,福莱特
302132,中航成飞
002256,兆新股份
603225,新凤鸣
600354,敦煌种业
300067,安诺其
603333,福华尚纬
002470,金正大
000802,北京文化
601838,成都银行
000933,神火股份
688758,XD赛分科
920126,永大股份
688362,甬矽电子
688032,禾迈股份
300652,雷迪克
002856,*ST美芝
301588,美新科技
002716,湖南白银
603189,*ST网达
002981,朝阳科技
603077,和邦生物
000301,东方盛虹
300210,森远股份
605305,中际联合
002100,天康生物
000803,山高环能
300836,佰奥智能
600328,中盐化工
000966,长源电力
603005,晶方科技
002440,闰土股份
301041,金百泽
600132,重庆啤酒
001331,胜通能源
002536,飞龙股份
601619,嘉泽新能
920576,天力复合
601011,宝泰隆
002207,*ST准油
002899,英派斯
920662,方盛股份
601628,中国人寿
000902,新洋丰
688180,君实生物-U
920169,七丰精工
601328,交通银行
603383,顶点软件
003033,征和工业
300087,ST荃银
920703,广厦环能
000977,浪潮信息
301003,江苏博云
600310,广西能源
300385,ST雪浪
000007,全新好
301439,泓淋电力
600979,广安爱众
600428,中远海特
002979,雷赛智能
301127,武汉天源
688508,芯朋微
300676,华大基因
000723,美锦能源
000630,铜陵有色
600095,湘财股份
920304,迪尔化工
601318,中国平安
300559,佳发教育
603220,中贝通信
300626,华瑞股份
601000,唐山港
002947,恒铭达
301236,软通动力
300454,深信服
300705,九典制药
300049,福瑞医科
300810,中科海讯
000677,ST海龙
688011,新光光电
920037,广信科技
920249,利尔达
000031,大悦城
000002,万  科Ａ
002329,皇氏集团
300945,曼卡龙
600531,豫光金铅
002986,宇新股份
000989,九芝堂
603058,永吉股份
600036,招商银行
600505,西昌电力
000932,华菱钢铁
301120,新特电气
603139,康惠股份
600909,华安证券
002221,东华能源
601319,中国人保
000909,*ST数源
002318,久立特材
603336,宏辉果蔬
603351,威尔药业
600593,大连圣亚
688085,三友医疗
000066,中国长城
688366,昊海生科
001317,三羊马
002445,中南文化
600995,南网储能
300628,亿联网络
000978,桂林旅游
000998,隆平高科
000568,泸州老窖
600848,上海临港
600642,申能股份
301172,君逸数码
688153,唯捷创芯
301396,宏景科技
002592,ST八菱
600976,健民集团
601077,渝农商行
000155,川能动力
601919,中远海控
688458,美芯晟
600732,爱旭股份
600688,上海石化
600886,国投电力
600595,中孚实业
002479,富春环保
603369,今世缘
603367,辰欣药业
920116,星图测控
000631,顺发恒能
601390,中国中铁
301500,飞南资源
002237,恒邦股份
301015,百洋医药
688302,海创药业-U
600348,华阳股份
002102,ST能特
600302,ST标准
688618,三旺通信
603261,立航科技
600623,华谊集团
601963,重庆银行
000695,滨海能源
002629,仁智股份
600731,湖南海利
603222,济民健康
003020,立方制药
000883,湖北能源
002829,星网宇达
002571,德力股份
600301,华锡有色
603458,勘设股份
920871,派特尔
600452,涪陵电力
000615,*ST美谷
688078,龙软科技
600657,信达地产
600714,金瑞矿业
300735,光弘科技
688225,亚信安全
300687,赛意信息
601866,中远海发
300123,ST亚光
920808,曙光数创
600131,国网信通
000993,闽东电力
002428,云南锗业
301577,美信科技
600916,中国黄金
002568,百润股份
002840,华统股份
600725,云维股份
601166,兴业银行
600660,福耀玻璃
600885,宏发股份
688030,山石网科
600576,祥源文旅
603130,云中马
000596,古井贡酒
920469,富恒新材
301356,天振股份
600606,绿地控股
600963,岳阳林纸
000552,甘肃能化
920050,爱伦医疗
000807,云铝股份
300499,高澜股份
000027,深圳能源
002299,圣农发展
920436,大地电气
920221,易实精密
301032,新柴股份
600982,宁波能源
920047,诺思兰德
300183,东软载波
600737,中粮糖业
002030,达安基因
300460,ST惠伦
600449,宁夏建材
601010,ST文峰
688008,澜起科技
301323,新莱福
688265,南模生物
688411,海博思创
603798,康普顿
300657,弘信电子
688520,神州细胞
300917,特发服务
600292,电投水电
600180,*ST瑞茂
603392,万泰生物
688025,杰普特
600622,光大嘉宝
300814,中富电路
600312,平高电气
601668,中国建筑
600266,城建发展
603882,金域医学
688663,新风光
688029,南微医学
301393,昊帆生物
000826,*ST启环
600313,农发种业
920519,万德股份
000882,华联股份
688087,英科再生
002415,海康威视
600422,昆药集团
600585,海螺水泥
002167,东方锆业
300301,ST长方
688655,迅捷兴
000799,酒鬼酒
920641,格利尔
002049,紫光国微
300633,开立医疗
600760,中航沈飞
603589,口子窖
002955,鸿合科技
001212,中旗新材
300608,思特奇
920694,中裕科技
603887,城地香江
920212,智新电子
920190,雷神科技
600975,新五丰
300149,睿智医药
600740,山西焦化
600089,特变电工
600098,广州发展
603113,金能科技
600645,中源协和
301007,德迈仕
603477,巨星农牧
301293,三博脑科
600307,酒钢宏兴
600258,首旅酒店
002215,诺 普 信
603499,翔港科技
688380,中微半导
920375,派诺科技
002128,电投能源
601816,京沪高铁
000560,我爱我家
920857,泓禧科技
600101,明星电力
603213,镇洋发展
300999,金龙鱼
002478,常宝股份
600800,渤海化学
688583,思看科技
601288,农业银行
600108,亚盛集团
002723,小崧股份
688061,灿瑞科技
000608,阳光股份
002124,天邦食品
688303,大全能源
002304,洋河股份
600617,国新能源
000860,顺鑫农业
920832,齐鲁华信
688475,萤石网络
000039,中集集团
301158,德石股份
300086,康芝药业
603373,安邦护卫
688488,艾迪药业
603639,海利尔
688759,必贝特-U
002595,豪迈科技
920261,一诺威
000761,本钢板材
601665,齐鲁银行
301303,真兰仪表
600023,浙能电力
000965,天保基建
603036,如通股份
002223,鱼跃医疗
600552,凯盛科技
300592,华凯易佰
600015,华夏银行
000786,北新建材
603098,森特股份
600754,锦江酒店
688159,有方科技
000850,华茂股份
002043,兔 宝 宝
000001,平安银行
600584,长电科技
002810,山东赫达
601118,海南橡胶
600007,中国国贸
002956,西麦食品
603858,步长制药
600749,西藏旅游
688496,*ST清越
001386,马可波罗
300201,海伦哲
600900,长江电力
002078,太阳纸业
300015,爱尔眼科
601186,中国铁建
301228,实朴检测
920161,龙辰科技
603885,吉祥航空
605055,迎丰股份
000016,*ST康佳A
003816,中国广核
301112,信邦智能
688309,恒誉环保
000600,建投能源
600251,冠农股份
601360,三六零
920478,峆一药业
000729,燕京啤酒
920833,美心翼申
920753,天纺标
600808,马钢股份
000096,广聚能源
000897,津滨发展
300093,金刚光伏
600143,金发科技
301089,拓新药业
002612,朗姿股份
002092,中泰化学
002279,久其软件
002480,新筑股份
002885,京泉华
600866,星湖科技
001390,古麒绒材
601658,邮储银行
603912,佳力图
600196,复星医药
601111,中国国航
000017,深中华A
688108,赛诺医疗
603334,丰倍生物
002467,二六三
000738,航发控制
600028,中国石化
600868,梅雁吉祥
603132,金徽股份
603737,三棵树
601068,中铝国际
920008,成电光信
600380,健康元
920856,浩淼科技
000912,泸天化
002532,天山铝业
600887,伊利股份
000791,甘肃能源
688565,力源科技
688247,宣泰医药
600016,民生银行
000825,太钢不锈
300967,晓鸣股份
920123,芭薇股份
601952,苏垦农发
000338,潍柴动力
002421,达实智能
300870,欧陆通
002567,唐人神
605098,行动教育
000632,ST三木
603363,傲农生物
300712,永福股份
601985,中国核电
688270,ST臻镭
600557,康缘药业
601997,贵阳银行
002870,香山股份
000708,中信特钢
601577,长沙银行
002822,ST中装
920394,民士达
002554,惠博普
601016,节能风电
600515,海南机场
601958,金钼股份
000995,皇台酒业
002212,天融信
000937,冀中能源
601336,新华保险
600525,ST长园
002616,长青集团
688416,恒烁股份
000538,云南白药
920055,隆源股份
002948,青岛银行
002853,皮阿诺
603399,永杉锂业
603285,键邦股份
600027,华电国际
605288,凯迪股份
002452,长高电气
600257,大湖股份
603345,安井食品
603276,恒兴新材
300163,先锋新材
300383,光环新网
600566,济川药业
600510,黑牡丹
600926,杭州银行
600389,江山股份
600795,国电电力
920378,泰德股份
301218,华是科技
601908,京运通
000898,鞍钢股份
603679,华体科技
300759,康龙化成
601988,中国银行
002579,中京电子
600233,圆通速递
600409,三友化工
000822,山东海化
000852,石化机械
600279,重庆港
688352,颀中科技
601169,北京银行
601877,正泰电器
601515,衢州东峰
300020,ST银江
688719,爱科赛博
300487,蓝晓科技
002027,分众传媒
920931,无锡鼎邦
600720,中交设计
002229,鸿博股份
600460,士兰微
300827,上能电气
000598,兴蓉环境
603099,长白山
301018,申菱环境
300436,广生堂
603061,金海通
601800,中国交建
600480,凌云股份
601818,光大银行
688244,永信至诚
002240,盛新锂能
605298,必得科技
600666,奥瑞德
603558,健盛集团
688820,盛合晶微
301181,标榜股份
600158,中体产业
600075,新疆天业
002941,新疆交建
001225,和泰机电
603387,基蛋生物
600351,亚宝药业
600655,豫园股份
688385,复旦微电
000592,平潭发展
600637,XD东方明
003000,劲仔食品
600338,西藏珠峰
600712,南宁百货
002674,兴业科技
600966,博汇纸业
002925,盈趣科技
301357,北方长龙
301004,嘉益股份
000797,中国武夷
688198,佰仁医疗
002352,顺丰控股
688356,键凯科技
002837,英维克
920344,三元基因
600674,川投能源
002216,三全食品
002791,坚朗五金
002066,瑞泰科技
002052,同洲电子
600019,宝钢股份
301150,中一科技
300697,电工合金
300498,温氏股份
601033,永兴股份
000895,双汇发展
603899,晨光股份
002940,昂利康
920068,天工股份
601127,赛力斯
300985,致远新能
688767,博拓生物
002996,顺博合金
600276,恒瑞医药
300910,瑞丰新材
600801,华新建材
600789,鲁抗医药
600011,华能国际
000688,国城矿业
601019,山东出版
688221,前沿生物-U
300194,福安药业
300501,海顺新材
600983,惠而浦
002190,成飞集成
605050,福然德
000959,首钢股份
600031,三一重工
600495,晋西车轴
002431,ST棕榈
301599,理奇智能
002993,奥海科技
000890,法尔胜
002136,安 纳 达
000060,中金岭南
600618,氯碱化工
601611,中国核建
002719,ST麦趣
920892,广咨国际
002323,*ST雅博
002656,摩登大道
002972,科安达
002252,上海莱士
601579,会稽山
301087,可孚医疗
002246,北化股份
600103,青山纸业
002269,美邦服饰
301617,博苑新材
600997,开滦股份
000423,东阿阿胶
920300,辰光医疗
301387,光大同创
605368,蓝天燃气
601606,长城军工
601618,中国中冶
600239,ST云城
600518,康美药业
600022,山东钢铁
601088,中国神华
920098,科隆新材
600718,东软集团
600136,ST明诚
601789,宁波建工
002596,海南瑞泽
600763,通策医疗
000158,常山北明
601928,凤凰传媒
002867,周大生
002620,*ST瑞和
601992,XD金隅集
002065,东华软件
000528,柳    工
920266,生物谷
000509,华塑控股
002774,快意电梯
002041,登海种业
600919,江苏银行
600182,XDS佳通
002039,黔源电力
002727,一心堂
601066,中信建投
601158,重庆水务
603313,梦百合
688136,科兴制药
002663,普邦股份
002179,中航光电
002734,利民股份
603615,茶花股份
000670,盈方微
301040,中环海陆
001367,海森药业
000157,中联重科
300212,*ST易录
600079,ST人福
601098,中南传媒
600197,伊力特
600925,苏能股份
300547,川环科技
603179,新泉股份
600735,ST新华锦
603799,华友钴业
688172,燕东微
002050,三花智控
920017,星昊医药
600000,浦发银行
600185,珠免集团
002164,宁波东力
002198,ST嘉应
600635,大众公用
000651,格力电器
601388,怡球资源
600104,上汽集团
600398,海澜之家
600558,大西洋
601083,锦江航运
600217,中再资环
301024,霍普股份
600377,宁沪高速
000930,中粮科技
601607,上海医药
600509,天富能源
603559,中通国脉
605377,华旺科技
688235,百济神州
002542,*ST中岩
002865,钧达股份
601117,中国化学
600803,新奥股份
601211,国泰海通
600884,杉杉股份
002040,南 京 港
603175,超颖电子
920082,方正阀门
000999,华润三九
600734,*ST实达
000333,美的集团
600433,冠豪高新
601009,南京银行
600157,永泰能源
601006,大秦铁路
300702,天宇股份
600116,三峡水利
300027,ST华谊
300725,药石科技
600231,凌钢股份
300921,南凌科技
000813,德展健康
000735,罗 牛 山
002236,大华股份
600271,航天信息
002646,天佑德酒
300388,节能国祯
603375,盛景微
600729,重百集团
688185,康希诺
688252,天德钰
002086,东方海洋
601018,宁波港
002180,奔图科技
000011,深物业A
600846,同济科技
301301,川宁生物
600748,上实发展
688390,固德威
600327,大东方
002251,步步高
603272,*ST联翔
601811,新华文轩
920019,铜冠矿建
000876,新 希 望
600420,国药现代
600764,中国海防
300997,欢乐家
600018,上港集团
603529,爱玛科技
002193,ST如意
002142,宁波银行
002936,郑州银行
000520,凤凰航运
002032,苏 泊 尔
605507,国邦医药
603279,景津装备
300589,江龙船艇
002160,常铝股份
600161,天坛生物
600115,中国东航
600127,金健米业
603268,松发股份
601229,上海银行
002321,华英农业
300285,国瓷材料
301382,蜂助手
300047,天源迪科
600562,国睿科技
603585,苏利股份
600861,北京人力
300972,万辰集团
000488,ST晨鸣
920020,泰凯英
002466,天齐锂业
601398,工商银行
301658,首航新能
000926,福星股份
600600,青岛啤酒
002508,老板电器
600559,老白干酒
002827,高争民爆
600905,XD三峡能
600743,华远控股
601827,三峰环境
603866,桃李面包
600012,皖通高速
000905,厦门港务
000858,五 粮 液
002265,建设工业
300144,宋城演艺
600810,神马股份
600780,通宝能源
600969,郴电国际
601179,中国西电
300761,立华股份
600873,XD梅花生
601128,常熟银行
920160,北矿检测
920729,永顺生物
000709,河钢股份
600252,中恒集团
002730,电光科技
600675,中华企业
600062,华润双鹤
002059,云南旅游
600508,上海能源
605488,福莱新材
601139,深圳燃气
601368,绿城水务
301468,博盈特焊
301096,百诚医药
002521,齐峰新材
301571,国科天成
603939,益丰药房
600523,贵航股份
300300,海峡创新
002847,盐津铺子
920765,美之高
301595,太力科技
603105,芯能科技
002350,北京科锐
300523,辰安科技
000762,西藏矿业
002005,德豪润达
920006,晟楠科技
600733,北汽蓝谷
300203,聚光科技
300888,稳健医疗
688171,纬德信息
603300,海南华铁
600882,妙可蓝多
601669,中国电建
000402,金 融 街
600517,国网英大
600939,重庆建工
002735,王子新材
001205,盛航股份
600235,民丰特纸
300158,振东制药
603588,高能环境
600230,沧州大化
300724,捷佳伟创
600488,津药药业
600365,ST通葡
300016,北陆药业
600029,南方航空
601868,中国能建
000768,中航西飞
601238,广汽集团
300122,智飞生物
688658,悦康药业
002510,天汽模
002185,华天科技
603816,顾家家居
600893,航发动力
603956,威派格
300558,贝达药业
600021,上海电力
920866,绿亨科技
600017,日照港
301183,东田微
002943,宇晶股份
300140,节能环境
600874,创业环保
600867,通化东宝
002966,苏州银行
600333,长春燃气
600125,铁龙物流
603819,神力股份
002309,中利集团
920001,纬达光电
001201,东瑞股份
300841,康华生物
000417,合百集团
600903,贵州燃气
601916,浙商银行
600085,同仁堂
688319,欧林生物
000430,张家界
002110,三钢闽光
002746,仙坛股份
603161,科华控股
300343,联创股份
600166,福田汽车
001210,金房能源
601696,中银证券
002385,大北农
002861,瀛通通讯
601228,广州港
000880,潍柴重机
002538,ST司特
600057,厦门象屿
301509,金凯生科
603610,麒盛科技
600690,海尔智家
002418,康盛股份
002832,比音勒芬
300598,诚迈科技
000988,华工科技
300286,安科瑞
002166,莱茵生物
920556,雅达股份
000090,天健集团
300847,中船汉光
600681,百川能源
600575,淮河能源
600551,时代出版
603277,银都股份
300026,红日药业
601326,XD秦港股
300188,国投智能
600025,华能水电
002134,天津普林
603040,新坐标
601939,建设银行
300587,天铁科技
301078,孩子王
601003,柳钢股份
000652,泰达股份
002036,联创电子
300959,线上线下
688800,瑞可达
603668,天马科技
000401,金隅冀东
920351,华光源海
688096,京源环保
002902,铭普光磁
002316,亚联发展
603207,小方制药
002745,木林森
920252,天宏锂电
600483,福能股份
002203,海亮股份
601966,玲珑轮胎
600586,金晶科技
600961,株冶集团
002162,悦心健康
603193,润本股份
600535,天士力
603352,至信股份
000543,皖能电力
601825,沪农商行
002675,东诚药业
603656,泰禾智能
688152,麒麟信安
603136,天目湖
301205,联特科技
002186,全 聚 德
920392,佳合科技
600548,深高速
301086,鸿富瀚
600572,康恩贝
000886,海南高速
600050,中国联通
002978,安宁股份
300306,远方信息
002565,顺灏股份
603444,吉比特
301566,达利凯普
300485,赛升药业
301239,普瑞眼科
000591,太阳能
000065,北方国际
000529,广弘控股
600573,惠泉啤酒
600728,佳都科技
000403,派林生物
605177,东亚药业
002984,森麒麟
000833,粤桂股份
688373,盟科药业-U
600812,华北制药
600282,南钢股份
002858,力盛体育
920640,富士达
688281,华秦科技
301093,华兰股份
920112,巴兰仕
000553,安道麦A
600073,光明肉业
600859,王府井
603319,美湖股份
600570,恒生电子
600550,保变电气
301498,乖宝宠物
000505,京粮控股
920599,同力股份
600223,福瑞达
603128,华贸物流
600601,方正科技
600150,中国船舶
603863,松炀资源
002469,三维化学
920270,天铭科技
000713,国投丰乐
600459,贵研铂业
000635,英 力 特
603187,海容冷链
000726,鲁  泰Ａ
920275,驱动力
001211,双枪科技
920879,基康技术
000885,城发环境
300601,康泰生物
002623,亚玛顿
603658,安图生物
002349,精华制药
600410,华胜天成
688036,传音控股
002785,万里石
003006,百亚股份
920690,捷众科技
688133,泰坦科技
000625,长安汽车
601086,国芳集团
603663,三祥新材
001313,粤海饲料
600742,富维股份
301295,美硕科技
601022,宁波远洋
600004,白云机场
600970,中材国际
601998,中信银行
000798,中水渔业
601187,厦门银行
002335,科华数据
600250,南京商旅
603855,华荣股份
603990,麦迪科技
920159,农大科技
603167,渤海轮渡
300859,西域旅游
688050,爱博医疗
688609,九联科技
300390,天华新能
300774,倍杰特
002423,中粮资本
000888,峨眉山Ａ
002788,鹭燕医药
688429,时创能源
600330,天通股份
300124,汇川技术
002003,伟星股份
688621,阳光诺和
688353,华盛锂电
920180,爱得科技
600038,中直股份
688599,天合光能
688530,欧莱新材
002020,京新药业
688375,国博电子
300641,正丹股份
000756,新华制药
300984,金沃股份
603000,人民网
300474,景嘉微
601995,中金公司
300871,回盛生物
001287,中电港
300476,胜宏科技
002714,牧原股份
688073,毕得医药
920036,觅睿科技
600285,羚锐制药
000513,丽珠集团
002842,翔鹭钨业
301035,润丰股份
688807,优迅股份
300760,迈瑞医疗
600663,陆家嘴
600662,外服控股
600582,天地科技
600667,太极实业
002694,*ST顾地
000610,*ST西旅
600326,西藏天路
300636,同和药业
002307,北新路桥
600195,中牧股份
002678,珠江钢琴
920208,青矩技术
600638,新黄浦
600649,城投控股
600653,申华控股
688536,思瑞浦
000617,中油资本
300247,融捷健康
002627,三峡旅游
002305,*ST南置
601198,东兴证券
600305,恒顺醋业
002312,川发龙蟒
002314,南山控股
002313,日海智能
603209,兴通股份
920167,同享科技
603687,大胜达
600853,龙建股份
000008,神州高铁
600616,金枫酒业
600581,*ST八钢
601588,北辰实业
000676,智度股份
601518,吉林高速
600170,上海建工
601005,重庆钢铁
300658,延江股份
600715,文投控股
920371,欧福蛋业
300110,华仁药业
300095,华伍股份
600704,物产中大
002218,拓日新能
000558,天府文旅
600682,南京新百
000927,中国铁物
605179,一鸣食品
600569,安阳钢铁
600368,五洲交通
688197,首药控股-U
002263,大东南
600340,*ST华幸
601688,华泰证券
920090,*ST同辉
000572,海马汽车
000564,供销大集
002289,宇顺电子
600179,安通控股
002187,广百股份
603069,海汽集团
002548,金新农
600064,南京高科
300420,五洋自控
002437,誉衡药业
000783,长江证券
000785,居然智家
601880,辽港股份
601766,中国中车
600117,西宁特钢
002737,葵花药业
603883,老百姓
300094,国联水产
688237,超卓航科
001391,国货航
603101,汇嘉时代
002581,*ST未名
002574,明牌珠宝
002573,清新环境
002219,新里程
000717,中南股份
600540,新赛股份
000718,苏宁环球
000820,*ST节能
000816,智慧农业
600058,五矿发展
603823,百合花
000517,荣安地产
600084,*ST尼雅
688408,中信博
600928,西安银行
002807,江阴银行
002792,通宇通讯
600917,重庆燃气
002461,珠江啤酒
600439,瑞贝卡
600528,中铁工业
002482,广田集团
002486,嘉麟杰
600429,三元股份
600425,青松建化
000796,凯撒旅业
002024,ST易购
002556,辉隆股份
603021,*ST华鹏
600052,东望时代
688277,天智航-U
000514,渝 开 发
002828,贝肯能源
600503,华丽家族
600876,凯盛新能
002157,正邦科技
688379,华光新材
600008,首创环保
300796,贝斯美
002120,韵达股份
600798,宁波海运
600793,宜宾纸业
605499,东鹏饮料
601968,宝钢包装
300585,奥联电子
600481,双良节能
002506,协鑫集成
301531,春光集团
002444,巨星科技
601133,柏诚股份
688371,菲沃泰
000915,华特达因
600498,烽火通信
600265,*ST景谷
301225,恒勃股份
688199,久日新材
688091,上海谊众
920405,海希通讯
002603,以岭药业
601633,长城汽车
301287,康力源
600323,瀚蓝环境
300718,长盛轴承
002007,华兰生物
688227,品高股份
920174,五新智能
688389,普门科技
000828,东莞控股
605169,洪通燃气
603968,醋化股份
600639,浦东金桥
300222,科大智能
002184,海得控制
688816,易思维
301227,森鹰窗业
001217,华尔泰
002372,伟星新材
003007,直真科技
601298,青岛港
002645,华宏科技
600648,外高桥
600153,建发股份
920091,大鹏工业
603199,九华旅游
601021,春秋航空
600971,恒源煤电
603368,柳药集团
920132,泰鹏智能
000590,古汉医药
301286,侨源股份
300850,新强联
600030,中信证券
603097,江苏华辰
920374,云里物里
002998,优彩资源
603065,宿迁联盛
600138,中青旅
300339,润和软件
601330,绿色动力
002608,江苏国信
688606,奥泰生物
603987,康德莱
600597,光明乳业
300927,江天化学
603226,菲林格尔
688455,科捷智能
600987,航民股份
301285,鸿日达
600875,东方电气
000089,深圳机场
000919,金陵药业
605500,森林包装
002928,华夏航空
603216,梦天家居
002631,德尔未来
300449,汉邦高科
000881,中广核技
002531,天顺风能
920445,龙竹科技
920639,晨光电缆
688177,百奥泰
301026,浩通科技
300955,嘉亨家化
688656,浩欧博
920932,科达自控
000951,中国重汽
920895,花溪科技
601107,四川成渝
600698,湖南天雁
603701,德宏股份
600316,洪都航空
300442,润泽科技
920027,交大铁发
601801,皖新传媒
600908,无锡银行
603900,莱绅通灵
603288,海天味业
600998,九州通
601686,友发集团
301100,风光股份
688120,华海清科
600773,西藏城投
600678,ST金顶
603039,泛微网络
301292,海科新源
600249,两面针
600056,中国医药
000166,申万宏源
000429,粤高速Ａ
002707,众信旅游
600406,国电南瑞
601609,金田股份
600829,人民同泰
920271,邦德股份
688236,春立医疗
301501,恒鑫生活
688137,近岸蛋白
601700,风范股份
300623,捷捷微电
603699,纽威股份
301391,卡莱特
600332,白云山
605006,山东玻纤
300003,乐普医疗
600717,天津港
000589,贵州轮胎
603053,成都燃气
000716,黑芝麻
002202,金风科技
601008,连云港
600741,华域汽车
600519,贵州茅台
603278,大业股份
603323,苏农银行
000707,双环科技
301061,匠心家居
000415,渤海租赁
300137,先河环保
002016,世荣兆业
688469,芯联集成-U
603229,奥翔药业
688110,东芯股份
002679,福建金森
603516,淳中科技
600097,开创国际
000736,中交发展
000778,新兴铸管
000510,新金路
000710,贝瑞基因
603689,皖天然气
603049,中策橡胶
301517,陕西华达
301039,中集车辆
920039,国义招标
002170,芭田股份
603027,千禾味业
600956,新天绿能
300143,盈康生命
300856,科思股份
301188,力诺药包
600783,鲁信创投
600033,福建高速
001213,中铁特货
300916,朗特智能
600361,创新新材
603195,公牛集团
688226,威腾电气
000963,华东医药
605588,冠石科技
688285,高铁电气
002075,沙钢股份
603205,健尔康
002225,濮耐股份
000637,茂化实华
600824,益民集团
600055,万东医疗
605016,百龙创园
601089,福元医药
002019,亿帆医药
002884,凌霄泵业
002084,海鸥住工
002399,海普瑞
301263,泰恩康
000055,方大集团
001393,维通利
300470,中密控股
301220,亚香股份
301322,绿通科技
688569,铁科轨道
000655,金岭矿业
600496,精工钢构
301141,中科磁业
301219,腾远钴业
600790,轻纺城
601007,金陵饭店
601163,三角轮胎
000800,一汽解放
600996,贵广网络
300307,慈星股份
600308,华泰股份
603609,禾丰股份
300255,常山药业
603776,永安行
688566,吉贝尔
002376,新北洋
920946,森萱医药
603038,华立股份
600959,江苏有线
000428,华天酒店
300983,尤安设计
603202,天有为
001914,招商积余
002300,太阳电缆
002958,青农商行
600391,航发科技
601279,英利汽车
000019,深粮控股
603391,力聚热能
600708,光明地产
601188,龙江交通
301687,新广益
600208,衢州发展
300811,铂科新材
002965,祥鑫科技
002918,蒙娜丽莎
300763,锦浪科技
002588,史丹利
601106,中国一重
300805,电声股份
000524,岭南控股
600820,隧道股份
605199,ST葫芦娃
002551,尚荣医疗
600173,卧龙新能
002033,丽江股份
601965,中国汽研
688646,ST逸飞
601058,赛轮轮胎
002988,豪美新材
603898,好莱客
300491,通合科技
600059,古越龙山
301139,*ST元道
600765,中航重机
600785,新华百货
603177,德创环保
603706,东方环宇
601860,紫金银行
300050,世纪鼎利
600419,天润乳业
920239,长虹能源
002356,鹏飞绿能
688543,国科军工
603009,北特科技
600435,北方导航
688651,盛邦安全
688348,昱能科技
000910,大亚圣象
002109,ST兴化
600423,*ST柳化
600216,浙江医药
000507,珠海港
600815,厦工股份
688678,福立旺
605116,奥锐特
002862,实丰文化
600906,财达证券
001236,弘业期货
002893,京能热力
002872,ST天圣
603259,药明康德
000597,东北制药
603501,豪威集团
001289,龙源电力
000028,国药一致
688121,*ST卓然
000755,山西高速
600497,驰宏锌锗
600372,中航机载
601138,工业富联
002488,金固股份
300611,美力科技
920985,海泰新能
001222,源飞宠物
300529,健帆生物
002302,西部建设
600054,黄山旅游
300772,运达股份
601929,吉视传媒
300056,中创环保
300595,欧普康视
301428,世纪恒通
601717,中创智领
000753,漳州发展
300415,伊之密
601727,上海电气
600149,廊坊发展
600159,大龙地产
002757,南兴股份
002839,张家港行
600930,华电新能
600010,包钢股份
600814,杭州解百
002210,飞马国际
600710,苏美达
920547,无锡晶海
603050,科林电气
605318,法狮龙
001227,兰州银行
001286,陕西能源
601828,美凯龙
300878,维康药业
002320,海峡股份
601096,宏盛华源
600467,好当家
300962,中金辐照
002561,徐家汇
600604,市北高新
600999,招商证券
300103,达刚控股
600072,中船科技
688223,晶科能源
002242,九阳股份
002311,海大集团
301267,华厦眼科
600527,江南高纤
000058,深 赛 格
605077,华康股份
002883,*ST中设
002653,海思科
920089,禾昌聚合
601598,中国外运
603557,*ST起步
605277,新亚电子
603359,*ST东珠
603650,彤程新材
300578,会畅科技
300555,ST路通
300010,ST豆神
002726,ST龙大
603317,天味食品
002682,龙洲股份
002130,沃尔核材
002427,尤夫股份
300198,*ST纳川
002285,世联行
603291,联合水务
300290,ST荣科
600512,腾达建设
002771,真视通
300125,*ST聆达
688076,ST诺泰
600283,钱江水利
601500,通用股份
300218,安利股份
600382,广东明珠
000758,中色股份
600399,抚顺特钢
600375,汉马科技
600533,栖霞建设
002801,微光股份
002496,辉丰股份
603708,家家悦
600381,*ST春天
002038,双鹭药业
001269,欧晶科技
000900,现代投资
920242,建邦科技
300313,天山生物
601059,信达证券
603307,扬州金泉
002460,赣锋锂业
600685,中船防务
002848,高斯贝尔
000877,天山股份
600295,鄂尔多斯
000557,西部创业
002267,陕天然气
300931,通用电梯
605009,豪悦护理
300632,光莆股份
600589,大位科技
601568,北元化工
300527,ST应急
603811,诚意药业
603817,海峡环保
603556,海兴电力
300741,华宝股份
300562,乐心医疗
300289,利德曼
002607,中公教育
603271,永杰新材
002081,金 螳 螂
605033,美邦股份
600130,波导股份
301265,华新科技
002661,克明食品
603630,拉芳家化
300463,迈克生物
601200,上海环境
600967,内蒙一机
002700,万憬能源
920396,常辅股份
920422,润普食品
601990,南京证券
301067,显盈科技
920023,*ST田野
600529,山东药玻
301538,骏鼎达
000501,武商集团
300748,金力永磁
300413,芒果超媒
300609,汇纳科技
301507,民生健康
600186,莲花控股
605008,长鸿高科
600828,茂业商业
688372,伟测科技
605138,盛泰集团
002259,升达林业
301155,海力风电
002524,光正眼科
601949,中国出版
603395,红四方
688271,联影医疗
603381,永臻股份
601366,利群股份
688331,荣昌生物
301215,中汽股份
600273,嘉化能源
600624,ST复华
600037,歌华有线
300363,博腾股份
600706,曲江文旅
002099,海翔药业
301148,嘉戎技术
603657,春光科技
600111,北方稀土
688799,华纳药厂
688630,芯碁微装
605122,四方新材
300368,汇金股份
301206,三元生物
002060,广东建工
601555,东吴证券
002053,云南能投
301636,泽润新能
601528,瑞丰银行
600609,金杯汽车
601702,华峰铝业
600613,神奇制药
002408,齐翔腾达
002327,富安娜
920158,长江能科
603322,超讯科技
000503,国新健康
603008,ST喜临门
600739,辽宁成大
000698,ST沈化
601399,国机重装
301283,聚胶股份
603299,苏盐井神
002111,威海广泰
300318,博晖创新
300659,中孚信息
600300,维维股份
300715,凯伦股份
002153,石基信息
002544,普天科技
603016,新宏泰
300648,星云股份
601216,君正集团
300869,康泰医学
002096,易普力
000629,钒钛股份
300848,美瑞新材
600716,凤凰股份
002919,名臣健康
601333,广深铁路
600502,安徽建工
600794,保税科技
600787,中储股份
688175,高凌信息
301177,迪阿股份
605168,三人行
002172,澳洋健康
688316,青云科技-U
600211,西藏药业
002923,润都股份
002107,沃华医药
688253,英诺特
000531,穗恒运Ａ
000609,*ST中迪
000751,锌业股份
002148,北纬科技
603306,华懋科技
002424,ST百灵
600993,马应龙
920751,惠同新材
001219,青岛食品
002649,博彦科技
600261,阳光照明
002163,海南发展
600373,中文传媒
300746,汉嘉数智
300820,英杰电气
301395,仁信新材
000088,盐 田 港
002228,合兴包装
603976,正川股份
002278,神开股份
300295,*ST三六
600243,*ST海华
002393,力生制药
001356,富岭股份
688016,心脉医疗
002004,华邦健康
002511,中顺洁柔
600782,新钢股份
600831,广电网络
002497,雅化集团
002474,榕基软件
300666,江丰电子
300215,电科院
920964,润农节水
600668,尖峰集团
600168,武汉控股
301162,国能日新
300729,乐歌股份
920566,梓橦宫
920077,吉林碳谷
300152,*ST动力
600721,百花医药
600369,西南证券
603091,众鑫股份
002097,山河智能
002227,*ST特迅
002589,瑞康医药
920419,路斯股份
002749,国光股份
600612,老凤祥
002481,双塔食品
000523,红棉股份
688298,东方生物
688279,峰岹科技
000533,顺钠股份
000650,仁和药业
600269,赣粤高速
603889,新澳股份
000950,重药控股
688114,华大智造
601218,吉鑫科技
000565,渝三峡Ａ
600221,海航控股
301098,金埔园林
600567,山鹰国际
301223,中荣股份
603707,健友股份
600686,金龙汽车
603565,中谷物流
000697,炼石航空
600476,*ST湘邮
002813,路畅科技
002181,粤 传 媒
300616,尚品宅配
300846,首都在线
002093,国脉科技
603048,浙江黎明
600757,长江传媒
688511,天微电子
600817,宇通重工
600827,百联股份
000400,许继电气
000159,国际实业
000425,徐工机械
600661,昂立教育
300911,亿田智能
000407,胜利股份
000050,深天马Ａ
603233,大参林
688002,睿创微纳
002841,视源股份
920924,广脉科技
300132,青松股份
002950,奥美医疗
603131,上海沪工
600082,ST海泰
002034,旺能环境
000981,山子高科
002369,卓翼科技
300271,华宇软件
002639,雪人集团
000498,山东路桥
600020,中原高速
300425,中建环能
301073,君亭酒店
688443,智翔金泰-U
688403,汇成股份
688386,泛亚微透
600771,广誉远
002253,川大智胜
000690,宝新能源
601377,兴业证券
920407,驰诚股份
605598,上海港湾
002598,ST章鼓
603867,新化股份
600658,电子城
300600,国瑞科技
000544,中原环保
688513,苑东生物
600278,东方创业
000692,惠天热电
001300,三柏硕
000913,钱江摩托
000656,金科股份
688139,海尔生物
002275,桂林三金
603043,广州酒家
600530,交大昂立
600511,国药股份
000545,金浦钛业
002330,得利斯
301668,昊创瑞通
000612,焦作万方
003018,金富科技
301678,新恒汇
300332,天壕能源
600035,楚天高速
002133,广宇集团
002782,可立克
000561,烽火电子
688107,安路科技
301371,敷尔佳
601778,晶科科技
000663,永安林业
603138,海量数据
688266,泽璟制药-U
688739,成大生物
300673,佩蒂股份
002761,浙江建投
920029,开发科技
002701,奥瑞金
603231,索宝蛋白
688330,宏力达
300631,久吾高科
300733,西菱动力
300775,三角防务
300479,神思电子
605108,同庆楼
920505,九菱科技
000818,航锦科技
300359,全通教育
001299,美能能源
600543,*ST莫高
920247,华密新材
000633,合金投资
000623,吉林敖东
920974,凯大催化
002226,江南化工
300080,易成新能
688238,和元生物
603365,水星家纺
600807,济高发展
000419,通程控股
000721,西安饮食
300261,雅本化学
002907,华森制药
601456,国联民生
002721,金一文化
000573,粤宏远Ａ
001312,福恩股份
301179,泽宇智能
688660,电气风电
000715,中兴商业
002982,湘佳股份
603010,万盛股份
002122,ST汇洲
300516,久之洋
920855,浙江大农
600784,鲁银投资
600858,银座股份
300693,盛弘股份
603517,ST绝味
688775,影石创新
000901,航天科技
605365,立达信
002652,扬子新材
603896,寿仙谷
300096,ST易联众
002375,亚厦股份
920726,朱老六
000821,ST京机
003011,海象新材
600941,中国移动
002438,江苏神通
000669,ST金鸿
000035,中国天楹
920395,朗鸿科技
603861,白云电器
600935,华塑股份
300147,*ST香雪
300181,佐力药业
600981,苏豪汇鸿
603218,日月股份
600418,江淮汽车
300352,ST信源
688682,霍莱沃
920069,普昂医疗
605300,佳禾食品
600694,大商股份
002742,冀衡医药
603970,中农立华
605222,起帆电缆
920961,创远信科
301103,何氏眼科
002272,川润股份
601616,广电电气
603686,福龙马
002644,佛慈制药
301567,贝隆精密
603248,锡华科技
600626,申达股份
603729,ST龙韵
000812,陕西金叶
300342,天银机电
600479,千金药业
002146,荣盛发展
605337,李子园
603078,江化微
301276,嘉曼服饰
002780,三夫户外
688146,中船特气
603929,亚翔集成
601038,一拖股份
600955,维远股份
000581,威孚高科
300991,创益通
300958,建工修复
920080,奥美森
000906,浙商中拓
300554,三超新材
603088,宁波精达
301319,唯特偶
600215,派斯林
002977,*ST天箭
000516,国际医学
600692,亚通股份
688435,英方软件
920429,康比特
300233,金城医药
301563,云汉芯城
601116,三江购物
300128,锦富技术
301632,广东建科
601933,永辉超市
300328,宜安科技
603696,安记食品
000421,南京公用
301175,中科环保
002303,美盈森
600320,振华重工
002495,佳隆股份
000859,国风新材
002367,康力电梯
001316,润贝航科
002702,海欣食品
300720,海川智能
301258,富士莱
002739,儒意电影
002011,盾安环境
603551,奥普科技
601890,亚星锚链
301277,新天地
688600,皖仪科技
301161,唯万密封
002264,新 华 都
000928,中钢国际
601901,方正证券
601921,浙版传媒
600980,北矿科技
002158,汉钟精机
603711,香飘飘
600854,春兰股份
603181,皇马科技
301628,强达电路
603661,恒林股份
920199,倍益康
603400,华之杰
002069,獐子岛
002429,兆驰股份
605117,德业股份
002410,广联达
002322,理工能科
000006,深振业Ａ
600169,ST太重
920204,沪江材料
603659,璞泰来
301106,骏成科技
600679,上海凤凰
300249,依米康
600839,四川长虹
603535,嘉诚国际
688512,慧智微-U
688167,炬光科技
603176,汇通集团
300894,火星人
920016,中草香料
688080,映翰通
300298,三诺生物
300311,ST任子行
002390,信邦制药
002820,桂发祥
300783,三只松鼠
605020,永和股份
002911,佛燃能源
002116,中国海诚
603180,金牌家居
002234,民和股份
300370,安控科技
920000,安徽凤凰
688681,科汇股份
300979,华利集团
600751,海航科技
600755,厦门国贸
300059,东方财富
300445,康斯特
002507,涪陵榨菜
601878,浙商证券
920433,大唐药业
600768,宁波富邦
000789,万年青
300138,晨光生物
920970,大禹生物
002818,富森美
000809,和展能源
688729,屹唐股份
600405,动力源
601799,星宇股份
605388,均瑶健康
000831,中国稀土
301185,鸥玛软件
603613,国联股份
002028,思源电气
601512,中新集团
002659,凯文教育
001208,华菱线缆
002724,海洋王
600986,浙文互联
002673,西部证券
002083,孚日股份
300192,科德教育
603052,可川科技
002362,汉王科技
920099,瑞华技术
002159,三特索道
688639,华恒生物
300168,万达信息
002271,东方雨虹
600248,陕建股份
600113,浙江东日
301226,祥明智能
300402,宝色股份
003040,楚天龙
920656,海昇药业
300432,富临精工
600315,上海家化
600918,中泰证券
002214,*ST大立
920149,旭杰科技
601002,晋亿实业
920273,一致魔芋
000586,汇源通信
688553,汇宇制药-W
300355,蒙草生态
002946,新乳业
002121,科陆电子
600281,华阳新材
000665,湖北广电
600901,江苏金租
002578,闽发铝业
002736,国信证券
603429,*ST集友
920118,太湖远大
601112,振石股份
002670,国盛证券
300329,海伦钢琴
603153,上海建科
600461,洪城环境
001338,永顺泰
600665,天地源
300838,浙江力诺
601222,林洋能源
000411,英特集团
603172,万丰股份
920689,克莱特
603293,埃泰克
002971,和远气体
920086,科马材料
300389,艾比森
603076,乐惠国际
000711,ST京蓝
301117,佳缘科技
002697,红旗连锁
002404,嘉欣丝绸
002266,浙富控股
000948,南天信息
002154,报 喜 鸟
600329,达仁堂
002991,甘源食品
000420,吉林化纤
600872,中炬高新
600791,京能置业
002014,永新股份
002191,劲嘉股份
000958,电投产融
600080,ST金花
603933,睿能科技
001266,宏英智能
002912,中新赛克
301503,智迪科技
002901,大博医疗
002615,哈尔斯
605080,浙江自然
300563,神宇股份
300401,花园生物
300550,和仁科技
301111,粤万年青
603080,新疆火炬
600879,航天电子
603903,中持股份
300165,天瑞仪器
300111,向日葵
002651,利君股份
603408,建霖家居
601236,红塔证券
000576,甘化科工
301560,众捷汽车
688123,聚辰股份
603318,水发燃气
600241,时代万恒
603030,全筑股份
301331,恩威医药
688336,三生国健
600222,太龙药业
000153,丰原药业
003042,中农联合
605158,华达新材
300482,万孚生物
002584,西陇科学
002462,嘉事堂
300459,汤姆猫
000099,中信海直
601788,光大证券
002999,天禾股份
000679,大连友谊
301252,同星科技
600736,苏州高新
000701,厦门信达
603713,密尔克卫
603767,中马传动
688718,唯赛勃
605086,龙高股份
000952,广济药业
002929,润建股份
002728,特一药业
605151,西上海
300707,威唐工业
603421,鼎信通讯
603511,爱慕股份
300677,英科医疗
600493,凤竹纺织
300932,三友联众
000678,襄阳轴承
603986,兆易创新
600587,新华医疗
603758,秦安股份
002407,多氟多
600516,方大炭素
603676,卫信康
300266,兴源环境
601718,ST际华
300197,节能铁汉
300166,东方国信
603325,博隆技术
600727,鲁北化工
688158,优刻得-W
300142,沃森生物
688595,芯海科技
300891,惠云钛业
300576,容大感光
601881,中国银河
001965,招商公路
002762,金发拉比
300211,*ST亿通
002378,章源钨业
300639,凯普生物
002550,千红制药
002997,瑞鹄模具
600894,广日股份
000068,华控赛格
688365,光云科技
002332,仙琚制药
600192,长城电工
600156,华升股份
600881,亚泰集团
002553,南方精工
002391,长青股份
603217,元利科技
300839,博汇股份
600628,新世界
002091,江苏国泰
920260,中寰股份
603309,维力医疗
603828,*ST利达
000868,安凯客车
002373,千方科技
301408,华人健康
600713,南京医药
002526,山东矿机
603210,泰鸿万立
300254,仟源医药
002601,龙佰集团
688690,纳微科技
300439,美康生物
300009,安科生物
002377,国创高新
600287,苏豪时尚
603023,威帝股份
600298,安琪酵母
002306,ST云网
600805,悦达投资
300922,天秦装备
603081,大丰实业
600689,上海三毛
688216,气派科技
688670,金迪克
301397,溯联股份
300596,利安隆
603406,天富龙
600580,卧龙电驱
300230,永利股份
600212,绿能慧充
001318,阳光乳业
002688,金河生物
301168,通灵股份
002239,奥特佳
688750,金天钛业
920718,合肥高科
301586,佳力奇
002826,易明医药
301109,军信股份
688805,健信超导
605338,巴比食品
000548,湖南投资
603382,海阳科技
300256,星星科技
002570,贝因美
300913,兆龙互连
301020,密封科技
301038,深水规院
920580,科创新材
605005,合兴股份
002519,银河电子
002564,天沃科技
002471,中超控股
603178,圣龙股份
688551,科威尔
600855,航天长峰
002209,达 意 隆
600977,中国电影
002876,三利谱
600549,厦门钨业
000607,华媒控股
000903,ST云动
002047,宝鹰股份
301085,亚康股份
688559,海目星
300770,新媒股份
600822,上海物贸
688696,极米科技
920003,中诚咨询
300321,同大股份
300842,帝科股份
605358,立昂微
002152,广电运通
688128,中国电研
301058,中粮科工
603833,欧派家居
600207,安彩高科
002458,益生股份
002370,亚太药业
603726,朗迪集团
603826,坤彩科技
605180,华生科技
605018,长华集团
300901,中胤时尚
002640,跨境通
002819,东方中科
603712,七一二
002382,蓝帆医疗
603566,普莱柯
002342,巨力索具
001220,世盟股份
000908,石药景峰
001228,永泰运
002926,华西证券
600833,第一医药
688248,南网科技
300393,中来股份
002085,万丰奥威
300786,国林科技
605339,南侨食品
002563,森马服饰
002959,小熊电器
301449,天溯计量
600371,万向德农
002693,双成药业
300569,天能重工
688367,工大高科
600724,宁波富达
300453,三鑫医疗
600620,天宸股份
002932,*ST明德
688334,西高院
600802,福建水泥
600366,宁波韵升
000410,沈阳机床
002035,华帝股份
300118,东方日升
000750,国海证券
002809,红墙股份
603590,康辰药业
688045,必易微
000009,中国宝安
300396,ST迪瑞
603315,福鞍股份
002498,汉缆股份
600477,杭萧钢构
603719,良品铺子
600693,东百集团
603035,常熟汽饰
300685,艾德生物
002512,ST达华
002500,山西证券
920675,秉扬科技
300617,安靠智电
300816,艾可蓝
301513,尚水智能
301388,欣灵电气
688276,百克生物
301060,兰卫医学
605066,天正电气
300477,ST合纵
300456,赛微电子
920057,百甲科技
000985,大庆华科
688575,亚辉龙
601728,中国电信
002176,江特电机
003027,同兴科技
002010,传化智联
003031,中瓷电子
000957,中通客车
002454,松芝股份
002628,成都路桥
002614,奥佳华
688509,正元地信
301336,趣睡科技
688118,普元信息
000980,众泰汽车
688699,明微电子
300275,梅安森
300977,深圳瑞捷
920237,力佳科技
002747,埃斯顿
300406,九强生物
000151,中成股份
603214,爱婴室
300928,华安鑫创
603122,合富中国
001278,一彬科技
000409,云鼎科技
301208,中亦科技
002465,海格通信
301268,铭利达
002921,联诚精密
600838,上海九百
603508,思维列控
688190,云路股份
001360,南矿集团
002922,伊戈尔
300173,ST福能
300021,大禹节水
603927,中科软
300340,科恒股份
002055,ST得润
688578,艾力斯
600761,安徽合力
000869,张  裕Ａ
003038,鑫铂股份
603339,XD四方科
301682,宏明电子
000875,电投绿能
002849,威星智能
300982,苏文电能
603156,养元饮品
002514,*ST宝馨
600228,返利科技
603086,先达股份
002529,海源复材
000776,广发证券
920060,万源通
688151,华强科技
000788,北大医药
002442,龙星科技
002150,正泰电源
920717,瑞星股份
002513,蓝丰生化
920693,阿为特
605183,确成股份
002344,海宁皮城
601636,旗滨集团
605286,同力天启
603208,江山欧派
603341,龙旗科技
000010,*ST美丽
002557,洽洽食品
300987,川网传媒
600501,航天晨光
600746,江苏索普
300008,天海防务
002340,格林美
603786,科博达
603773,沃格光电
300858,科拓生物
600897,厦门空港
605268,王力安防
300769,德方纳米
603612,索通发展
603331,百达精工
300245,ST天玑
603326,我乐家居
920523,德瑞锂电
603697,有友食品
002562,兄弟科技
002339,积成电子
605266,健之佳
920175,东方碳素
603778,国晟科技
600177,雅戈尔
002543,万和电气
688191,智洋创新
003023,彩虹集团
301389,隆扬电子
688278,特宝生物
920121,江天科技
600390,五矿资本
301202,朗威股份
002217,ST合力泰
600507,方大特钢
002094,青岛金王
688368,晶丰明源
600335,XD国机汽
920810,春光智能
300288,朗玛信息
920022,世昌股份
688526,科前生物
002402,和而泰
600683,京投发展
300908,仲景食品
002905,金逸影视
301413,安培龙
600818,ST中路
603488,展鹏科技
600556,天下秀
600202,哈空调
603102,百合股份
300539,横河精密
301207,华兰疫苗
600051,宁波联合
600650,锦江在线
301046,能辉科技
300172,中电环保
603329,上海雅仕
002051,中工国际
001311,多利科技
002535,林州重机
605577,龙版传媒
920706,铁拓机械
920906,舜宇精工
300995,奇德新材
301090,华润材料
300333,兆日科技
301631,壹连科技
920575,*ST康乐
920030,德众汽车
000030,富奥股份
002022,科华生物
688004,博汇科技
688005,容百科技
600958,东方证券
600973,宝胜股份
600359,新农开发
002783,凯龙股份
920363,莱赛激光
600603,广汇物流
002765,蓝黛科技
002939,长城证券
600388,龙净环保
300070,碧水源
002238,天威视讯
920839,万通液压
002098,浔兴股份
920807,奔朗新材
000705,浙江震元
600776,东方通信
002413,雷科防务
300427,红相股份
603995,甬金股份
603505,金石资源
300397,天和防务
301600,慧翰股份
301667,纳百川
600834,申通地铁
000931,中 关 村
920679,前进科技
920873,中设咨询
605198,安德利
002995,天地在线
301132,满坤科技
688013,天臣医疗
603168,莎普爱思
688811,有研复材
603282,亚光股份
002073,软控股份
601798,蓝科高新
688338,赛科希德
600796,钱江生化
300981,中红医疗
600927,永安期货
002114,罗平锌电
002374,中锐股份
300078,思创智联
603628,清源股份
603788,宁波高发
600141,兴发集团
000570,苏常柴Ａ
002580,圣阳股份
300882,万胜智能
600172,黄河旋风
601900,XD南方传
688557,兰剑智能
000972,中基健康
002074,国轩高科
002140,东华科技
300025,华星创业
688230,芯导科技
003032,传智教育
002169,智光电气
300422,博世科
300471,厚普股份
300097,智云股份
301021,英诺激光
301335,天元宠物
603117,万林物流
300880,迦南智能
300055,万邦达
300496,中科创达
600238,*ST椰岛
688192,迪哲医药-U
002400,省广集团
300522,世名科技
600119,*ST长投
600933,爱柯迪
603601,再升科技
300062,中能电气
002889,东方嘉盛
603985,恒润股份
603578,三星新材
300946,恒而达
000702,正虹科技
603718,*ST海利
601026,道生天合
301533,威马农机
001396,誉帆科技
605580,恒盛能源
002368,太极股份
301001,凯淳股份
688315,诺禾致源
301378,通达海
920834,三维装备
603787,新日股份
002799,环球印务
600703,三安光电
000605,渤海股份
300461,田中精机
920627,力王股份
600135,乐凯胶片
002549,凯美特气
688798,艾为电子
605136,丽人丽妆
002131,利欧股份
002224,三 力 士
600148,长春一东
603879,永悦科技
300831,ST派瑞
603860,中公高科
603977,国泰集团
002149,西部材料
688115,思林杰
300719,安达维尔
600272,开开实业
001330,博纳影业
001259,利仁科技
920770,艾能聚
920564,天润科技
603227,雪峰科技
300012,华测检测
600189,泉阳泉
000911,*ST广糖
002204,大连重工
300747,锐科激光
002206,海 利 得
688055,龙腾光电
605188,国光连锁
301229,纽泰格
688582,芯动联科
603890,春秋电子
603357,设计总院
688098,申联生物
605398,新炬网络
600088,中视传媒
300939,秋田微
001260,坤泰股份
000720,新能泰山
002276,万马股份
600060,海信视像
920101,志高机械
300845,捷安高科
920339,恒太照明
000719,中原传媒
301332,德尔玛
002908,德生科技
600178,东安动力
600750,华润江中
300455,航天智装
002672,东江环保
920781,瑞奇智造
002817,黄山胶囊
002755,奥赛康
300791,仙乐健康
002095,生 意 宝
300581,晨曦航空
300519,新光药业
300452,山河药辅
300947,德必集团
688089,嘉必优
688051,佳华科技
002752,昇兴股份
300127,银河磁体
600697,欧亚集团
601956,东贝集团
002453,华软科技
600378,昊华科技
603348,文灿股份
301211,亨迪药业
688259,创耀科技
002328,新朋股份
688563,航材股份
600066,宇通客车
300808,久量股份
002419,天虹股份
300757,罗博特科
002405,四维图新
688006,杭可科技
301311,昆船智能
300237,ST美晨
603916,苏博特
002930,宏川智慧
000626,远大控股
001325,元创股份
920110,雷特科技
600816,建元信托
002048,宁波华翔
300345,华民股份
920553,凯腾精工
688505,复旦张江
300510,金冠股份
603888,新华网
603093,南华期货
002232,启明信息
000728,国元证券
000062,深圳华强
688661,和林微纳
600336,澳柯玛
688355,明志科技
002196,方正电机
002483,润邦股份
300084,海默科技
003021,兆威机电
603396,金辰股份
002690,美亚光电
603721,中广天择
301048,金鹰重工
300232,洲明科技
603188,亚邦股份
002583,海能达
605100,华丰股份
603967,中创物流
603660,苏州科达
002501,*ST利源
600819,耀皮玻璃
300993,玉马科技
605369,拱东医疗
688234,天岳先进
920033,康普化学
688317,之江生物
600491,ST龙元
000563,陕国投Ａ
300851,交大思诺
600641,先导基电
920950,迅安科技
600284,浦东建设
300829,金丹科技
002880,卫光生物
600255,鑫科材料
301376,致欧科技
603095,越剑智能
002416,爱施德
300079,数码视讯
920826,盖世食品
002127,南极电商
603607,京华激光
301508,中机认检
002530,金财互联
000521,长虹美菱
300597,吉大通信
688382,益方生物-U
001216,华瓷股份
688228,开普云
603042,华脉科技
003015,日久光电
000156,华数传媒
603587,地素时尚
600865,百大集团
688425,铁建重工
002577,雷柏科技
300299,富春股份
603206,嘉环科技
920245,威博液压
002061,浙江交科
920007,酉立智能
300109,新开源
000790,华神科技
688717,艾罗能源
688733,壹石通
601136,首创证券
000025,特  力Ａ
600864,哈投股份
300437,清水源
688349,三一重能
003010,若羽臣
301000,肇民科技
300505,川金诺
002476,新叶股份
002178,延华智能
920896,旺成科技
300426,华智数媒
301083,百胜智能
603344,星德胜
001239,永达股份
300722,新余国科
688726,拉普拉斯
300551,古鳌科技
301031,中熔电气
300107,建新股份
301136,招标股份
600778,友好集团
603125,常青科技
603237,五芳斋
603112,华翔股份
300374,中铁装配
301149,隆华新材
600561,江西长运
688232,新点软件
000987,越秀资本
301550,斯菱智驱
300411,金盾股份
301043,绿岛风
600006,东风股份
600303,曙光股份
002790,瑞尔特
300153,科泰电源
300653,正海生物
002144,宏达高科
600753,ST海钦
603129,春风动力
603239,浙江仙通
002593,日上集团
001382,新亚电缆
301362,民爆光电
301390,经纬股份
301068,大地海洋
002168,ST惠程
001323,慕思股份
300180,华峰超纤
688283,坤恒顺维
300314,戴维医疗
600469,风神股份
002753,永东股份
600167,联美控股
920075,柏星龙
301201,诚达药业
600151,航天机电
300950,德固特
920076,国亮新材
688548,广钢气体
603909,建发合诚
300228,富瑞特装
002572,索菲亚
603626,科森科技
601689,拓普集团
300588,熙菱信息
600078,澄星股份
600109,XD国金证
688590,新致软件
000962,东方钽业
300429,强力新材
002401,中远海科
300416,苏试试验
002173,创新医疗
001268,联合精密
688290,景业智能
002855,捷荣技术
601108,财通证券
000546,金圆股份
002366,融发核电
300017,网宿科技
600843,上工申贝
000856,冀东装备
603280,南方路机
603616,韩建河山
600356,恒丰纸业
301057,汇隆新材
920108,宏海科技
000020,深华发Ａ
600155,华创云信
000685,中山公用
603602,纵横通信
920207,众诚科技
000504,南华生物
002387,维信诺
688581,安杰思
003012,东鹏控股
000061,农 产 品
001226,拓山重工
000550,江铃汽车
300294,博雅生物
002691,*ST冀凯
300970,华绿生物
002287,奇正藏药
301269,华大九天
002298,中电鑫龙
603978,深圳新星
920284,灵鸽科技
002796,世嘉科技
300590,移为通信
300447,全信股份
300915,海融科技
000620,盈新发展
300347,泰格医药
603107,上海汽配
603160,汇顶科技
002254,泰和新材
002358,森源电气
000953,中哲精化
603100,川仪股份
603568,伟明环保
002600,领益智造
688335,复洁科技
920195,三祥科技
301248,杰创智能
000559,万向钱潮
920230,欧康医药
301696,三瑞智能
002852,道道全
603284,林平发展
002021,中捷资源
300119,瑞普生物
601858,中国科传
301237,和顺科技
688712,北芯生命
002743,富煌钢构
603825,ST华扬
601065,江盐集团
300798,锦鸡股份
605303,园林股份
001296,长江材料
603321,梅轮电梯
001231,农心科技
002430,杭氧股份
603506,南都物业
300634,彩讯股份
301133,金钟股份
003039,顺控发展
603948,建业股份
688273,麦澜德
920719,宁新新材
920792,东和新材
603418,友升股份
300448,浩云科技
688077,大地熊
300986,志特新材
000045,深纺织Ａ
600201,生物股份
000917,电广传媒
600259,中稀有色
600218,全柴动力
002973,侨银股份
002869,金溢科技
301255,通力科技
301009,可靠股份
002990,盛视科技
688708,佳驰科技
300185,通裕重工
002062,宏润建设
002420,毅昌科技
002395,双象股份
000014,沙河股份
300135,宝利国际
688022,ST瀚川
688282,理工导航
603380,易德龙
300036,超图软件
603507,振江股份
301193,家联科技
601698,中国卫通
301027,华蓝集团
600590,泰豪科技
002963,豪尔赛
688692,达梦数据
600370,*ST三房
300887,谱尼测试
301662,宏工科技
300698,万马科技
603014,威高血净
300513,恒实科技
603169,兰石重装
300250,初灵信息
002658,雪迪龙
301261,恒工精密
600061,国投资本
001270,铖昌科技
300996,普联软件
002455,百川股份
300051,琏升科技
300048,合康新能
300074,华平股份
920009,丹娜生物
000686,东北证券
600526,菲达环保
603121,华培动力
002732,燕塘乳业
002383,合众思壮
603366,日出东方
920504,博迅生物
603257,中国瑞林
920062,科润智控
301458,钧崴电子
301266,宇邦新材
600775,南京熊猫
603801,志邦家居
688305,科德数控
003029,吉大正元
300656,民德电子
600860,京城股份
300682,朗新科技
603739,蔚蓝生物
300134,大富科技
603728,鸣志电器
300625,三雄极光
002878,元隆雅图
300375,鹏翎股份
600237,铜峰电子
603868,飞科电器
300925,法本信息
300964,本川智能
688701,卓锦股份
300231,银信科技
603969,银龙股份
600352,浙江龙盛
300956,英力股份
603579,荣泰健康
600513,联环药业
600738,丽尚国潮
300004,南风股份
600458,XD时代新
920735,德源药业
301337,亚华电子
300618,寒锐钴业
920183,海菲曼
920819,颖泰生物
603390,通达电气
000619,海螺新材
603173,福斯达
600229,城市传媒
002778,中晟高科
920188,悦龙科技
603409,汇通控股
688100,威胜信息
601137,博威合金
301370,国科恒泰
603017,中衡设计
301559,中集环科
002715,登云股份
600392,盛和资源
301558,三态股份
301116,益客食品
002472,双环传动
688009,中国通号
300293,蓝英装备
600478,科力远
002026,山东威达
300525,博思软件
002800,天顺股份
688310,迈得医疗
002830,名雕股份
600463,空港股份
002245,蔚蓝锂芯
920061,西磁科技
300599,雄塑科技
600571,信雅达
601375,中原证券
920263,中航泰达
601226,华电科工
603999,读者传媒
605068,明新旭腾
002540,亚太科技
300171,东富龙
920541,铁大科技
003022,联泓新科
301372,科净源
300517,海波重科
002797,第一创业
300160,秀强股份
688347,华虹宏力
300755,华致酒行
920011,晨光电机
600707,彩虹股份
603096,新经典
600280,中央商场
002769,普路通
920370,新安洁
605007,五洲特纸
002626,金达威
603320,迪贝电气
600470,六国化工
001366,播恩集团
300787,海能实业
300213,佳讯飞鸿
301363,美好医疗
920526,凯华材料
603212,赛伍技术
688776,国光电气
301598,博科测试
920106,林泰新材
300207,欣旺达
001237,惠康科技
002846,英联股份
603330,天洋新材
688680,海优新材
600171,上海贝岭
688337,普源精电
301232,飞沃科技
603611,诺力股份
301137,哈焊华通
002103,广博股份
603269,海鸥股份
000782,恒申新材
605376,博迁新材
000752,*ST西发
688075,安旭生物
688063,派能科技
688568,中科星图
002917,金奥博
600067,冠城新材
300564,筑博设计
000536,华映科技
603439,三力制药
002968,新大正
002622,皓宸医疗
001285,瑞立科密
688459,哈铁科技
920885,星辰科技
300965,恒宇信通
001324,长青科技
300892,品渥食品
300837,浙矿股份
002381,双箭股份
300324,旋极信息
300001,特锐德
920806,云星宇
002044,美年健康
688779,五矿新能
300376,易事特
300337,银邦股份
300703,创源股份
300706,阿石创
000712,锦龙股份
000921,海信家电
603171,税友股份
600592,龙溪股份
002247,聚力文化
688229,博睿数据
301278,快可电子
300732,设研院
603518,锦泓集团
300061,旗天科技
300919,中伟新材
002468,申通快递
603116,红蜻蜓
301246,宏源药业
603709,中源家居
300327,中颖电子
300319,麦捷科技
300788,中信出版
002569,*ST步森
002868,绿康生化
603260,合盛硅业
688173,希荻微
688691,灿芯股份
301173,毓恬冠佳
300978,东箭科技
603103,横店影视
002692,远程股份
002683,广东宏大
920056,能之光
301262,海看股份
001279,强邦新材
605123,派克新材
601099,太平洋
300629,新劲刚
603536,惠发食品
301479,弘景光电
920223,荣亿精密
603926,铁流股份
000049,德赛电池
001277,速达股份
002315,焦点科技
301153,中科江南
301622,英思特
688676,金盘科技
300830,金现代
601777,千里科技
300727,润禾材料
920005,鼎佳精密
000823,超声电子
600133,XD东湖高
603055,台华新材
300141,和顺电气
301305,朗坤科技
002609,捷顺科技
300582,英飞特
300492,华图山鼎
002037,保利联合
301383,天键股份
301330,熵基科技
300749,顶固集创
301105,鸿铭股份
300145,南方泵业
688617,惠泰医疗
301233,盛帮股份
300326,ST凯利
600444,国机通用
301071,力量钻石
002201,九鼎新材
600538,国发股份
688269,凯立新材
002722,物产金轮
603880,南卫股份
301302,华如科技
688351,微电生理
002189,中光学
301070,开勒股份
300730,科创信息
600099,林海股份
000936,华西股份
300169,天晟新材
688059,华锐精密
001223,欧克科技
603918,金桥信息
688161,威高骨科
002641,公元股份
600187,*ST国中
600448,华纺股份
002969,嘉美包装
920168,通宝光电
920779,武汉蓝电
002933,新兴装备
002112,三变科技
688538,和辉光电-U
002533,金杯电工
001379,腾达科技
603998,方盛制药
000922,佳电股份
300822,贝仕达克
688785,恒运昌
002475,立讯精密
002705,新宝股份
002696,百洋股份
600455,博通股份
603766,隆鑫通用
300270,中威电子
300177,中海达
603982,泉峰汽车
002230,科大讯飞
688426,康为世纪
300992,泰福泵业
300926,博俊科技
000659,珠海中富
300091,*ST金灵
301551,无线传媒
688428,诺诚健华
300176,鸿特科技
300451,创业慧康
002334,英威腾
601566,九牧王
688057,金达莱
301590,优优绿能
300876,蒙泰高新
002725,跃岭股份
300899,上海凯鑫
002945,华林证券
001322,箭牌家居
688772,珠海冠宇
300801,泰和科技
300904,威力传动
002877,智能自控
603108,润达医疗
603360,百傲化学
600268,国电南自
301166,优宁维
300594,ST朗进
300193,佳士科技
300868,杰美特
301091,深城交
603018,华设集团
002484,江海股份
603060,国检集团
301128,强瑞技术
301221,光庭信息
688552,航天南湖
002290,禾盛新材
300066,三川智慧
300032,金龙机电
300861,美畅股份
603897,长城科技
600621,华鑫股份
688065,凯赛生物
002637,赞宇科技
603955,大千生态
600288,大恒科技
920427,华维设计
688521,芯原股份
300854,中兰环保
600640,国脉文化
000026,飞亚达
603797,联泰环保
300828,锐新科技
000795,英洛华
301065,本立科技
603917,合力科技
920191,瑞尔竞达
603025,大豪科技
002703,浙江世宝
603082,北自科技
605089,味知香
603617,君禾股份
002233,塔牌集团
920177,恒道科技
603960,克来机电
603385,惠达卫浴
002398,垒知集团
603727,博迈科
301399,英特科技
688081,兴图新科
301209,联合化学
603127,昭衍新药
301585,蓝宇股份
920682,球冠电缆
300386,飞天诚信
603598,引力传媒
002076,星光股份
002802,洪汇新材
002961,瑞达期货
601608,中信重工
920837,华原股份
003005,竞业达
603182,嘉华股份
605259,绿田机械
605567,春雪食品
300434,金石亚药
000848,承德露露
300877,金春股份
000733,振华科技
688206,概伦电子
603386,骏亚科技
002200,交投生态
002296,辉煌科技
600877,电科芯片
603520,司太立
301339,通行宝
603908,牧高笛
002205,国统股份
603759,海天股份
002767,先锋电子
002042,华孚时尚
300334,津膜科技
000829,天音控股
002117,东港股份
300466,赛摩智能
300994,久祺股份
301195,北路智控
688326,经纬恒润-W
301333,诺思格
300782,卓胜微
600416,湘电股份
688105,诺唯赞
300675,建科院
301429,森泰股份
002273,水晶光电
688295,中复神鹰
688360,德马科技
000863,三湘印象
301216,万凯新材
600699,均胜电子
002406,远东传动
600165,ST宁科
300022,吉峰科技
301318,维海德
301386,未来电器
002115,三维通信
688370,丛麟科技
920402,硅烷科技
301123,奕东电子
301082,久盛电气
002985,北摩高科
688778,厦钨新能
688212,澳华内镜
601595,上海电影
300365,恒华科技
002634,*ST棒杰
300014,亿纬锂能
300373,扬杰科技
603876,鼎胜新材
300898,熊猫乳品
603232,格尔软件
300120,经纬辉开
300644,南京聚隆
601882,海天精工
002763,汇洁股份
603289,泰瑞机器
603290,斯达半导
601519,大智慧
600730,*ST高科
300762,上海瀚讯
300678,中科信息
600568,ST中珠
300387,富邦科技
603089,正裕工业
603070,万控智造
600845,宝信软件
600210,XD紫江企
688211,中科微至
301601,惠通科技
600520,三佳科技
300579,数字认证
600318,新力金融
002492,恒基达鑫
301062,上海艾录
301178,天亿马
605178,时空科技
300905,宝丽迪
920222,益坤电气
600892,大晟文化
002662,峰璟股份
688466,金科环境
002188,中天服务
002248,华东数控
603256,宏和科技
300879,大叶股份
603332,苏州龙杰
301160,翔楼新材
002527,新时达
300930,屹通新材
300817,双飞集团
920509,同惠电子
002686,亿利达
300054,鼎龙股份
605333,沪光股份
002489,浙江永强
301101,明月镜片
600830,香溢融通
920146,华阳变速
688015,交控科技
688722,同益中
301126,达嘉维康
603022,新通联
603527,众源新材
002709,天赐材料
688391,钜泉科技
002194,武汉凡谷
605166,聚合顺
600162,香江控股
688369,致远互联
603119,浙江荣泰
002896,中大力德
002392,北京利尔
002101,广东鸿图
301066,万事利
002630,*ST华西
301366,一博科技
002268,电科网安
688208,道通科技
002282,博深股份
688178,万德斯
300238,冠昊生物
002518,科士达
301296,新巨丰
002249,大洋电机
002195,岩山科技
603980,吉华集团
301069,凯盛新材
301180,万祥科技
002586,ST围海
603170,宝立食品
301230,泓博医药
603515,欧普照明
002119,康强电子
301011,华立科技
603029,天鹅股份
920978,开特股份
601100,恒立液压
600889,*ST京化
688648,中邮科技
600081,东风科技
603083,剑桥科技
300423,昇辉科技
002555,三七互娱
603215,比依股份
600468,百利电气
920957,汉维科技
301329,信音电子
300556,丝路视觉
001358,兴欣新材
000519,中兵红箭
002331,皖通科技
301170,锡南科技
603106,恒银科技
688819,天能股份
920002,万达轴承
003026,中晶科技
001306,夏厦精密
000967,盈峰环境
688377,迪威尔
688289,圣湘生物
002361,神剑股份
603936,博敏电子
688031,星环科技-U
301152,天力锂能
603958,哈森股份
688410,山外山
002351,漫步者
688709,成都华微
002599,盛通股份
688631,莱斯信息
001335,信凯科技
000925,众合科技
002295,精艺股份
301656,联合动力
600152,维科技术
603201,常润股份
002451,摩恩电气
002666,德联集团
300264,佳创视讯
002760,凤形股份
600106,重庆路桥
600126,杭钢股份
920346,威贸电子
002363,隆基机械
001400,江顺科技
301079,邵阳液压
300650,太龙股份
300565,科信技术
688529,豪森智能
300731,科创新源
300753,爱朋医疗
603238,诺邦股份
301159,三维天地
301312,智立方
300543,朗科智能
002108,沧州明珠
301608,博实结
688685,迈信林
920152,昆工科技
000042,中洲控股
300366,ST创意
300053,航宇微
003016,欣贺股份
688698,伟创电气
300893,松原安全
603806,福斯特
300424,航新科技
300357,我武生物
301345,涛涛车业
688626,翔宇医疗
002748,世龙实业
002591,恒大高新
300057,万顺新材
300777,中简科技
300346,南大光电
002772,众兴菌业
688560,明冠新材
002270,华明装备
300797,钢研纳克
002975,博杰股份
300462,ST华铭
002355,兴民智通
300348,长亮科技
002426,胜利精密
300752,隆利科技
002054,德美化工
920128,胜业电气
300897,山科智能
603079,圣达生物
600343,航天动力
601599,浙文影业
002077,大港股份
603266,天龙股份
300515,三德科技
301110,青木科技
688456,有研粉材
301131,聚赛龙
301298,东利机械
688169,XD石头科
002255,海陆重工
601162,天风证券
688312,燕麦科技
300279,和晶科技
600880,博瑞传播
601339,百隆东方
301118,恒光股份
300605,恒锋信息
603303,得邦照明
603073,彩蝶实业
603110,东方材料
301510,固高科技
002177,御银股份
301556,托普云农
300272,开能健康
603310,巍华新材
000541,佛山照明
002090,金智科技
002859,洁美科技
300155,安居宝
301260,格力博
603789,ST星农
000532,华金资本
600774,汉商集团
600965,*ST福成
002949,华阳国际
600629,华建集团
688119,中钢洛耐
603877,太平鸟
002009,天奇股份
002343,慈文传媒
301328,维峰电子
002397,梦洁股份
600358,国旅联合
601177,杭齿前进
688246,嘉和美康
002386,天原股份
002537,海联金汇
688203,海正生材
688251,井松智能
002294,信立泰
301189,奥尼电子
300179,四方达
300322,硕贝德
002414,高德红外
300384,三联虹普
920454,同心传动
688755,汉邦科技
301130,西点药业
301580,爱迪特
600456,宝钛股份
920145,恒合股份
300092,科新机电
688357,建龙微纳
300068,ST南都
002523,天桥起重
603878,武进不锈
600560,金自天正
603681,永冠新材
002825,纳尔股份
001301,尚太科技
002105,信隆健康
603230,内蒙新华
920802,保丽洁
603810,丰山集团
688222,成都先导
603041,美思德
300619,金银河
688079,美迪凯
688399,硕世生物
603126,中材节能
300224,正海磁材
603150,万朗磁塑
688392,骄成超声
688307,中润光学
301088,戎美股份
688292,浩瀚深度
300713,英可瑞
301502,华阳智能
300935,盈建科
301515,港通医疗
000599,青岛双星
300148,天舟文化
300614,百川畅银
688186,广大特材
300159,新研股份
603090,宏盛股份
300692,中赋科技
002560,通达股份
603839,安正时尚
688567,孚能科技
301050,雷电微力
002310,东方新能
002353,杰瑞股份
300030,阳普医疗
002347,泰尔股份
000534,万泽股份
301102,兆讯传媒
301119,正强股份
688616,西力科技
001255,博菲电气
603577,汇金通
920579,机科股份
600363,联创光电
300900,广联航空
603937,丽岛新材
000920,沃顿科技
301272,英华特
301456,盘古智能
603166,福达股份
002920,德赛西威
603011,合锻智能
603895,天永智能
300739,明阳电路
003041,真爱美家
300044,*ST赛为
600191,华资实业
300195,长荣股份
300881,盛德鑫泰
002650,ST加加
603596,伯特利
300961,深水海纳
300701,森霸传感
002777,久远银海
300615,欣天科技
688393,安必平
300684,中石科技
300691,联合光电
600960,渤海汽车
920725,惠丰钻石
300046,台基股份
920701,豪声电子
300963,中洲特材
002873,新天药业
605555,德昌股份
301355,南王科技
603051,鹿山新材
300920,润阳科技
301512,智信精密
600128,苏豪弘业
603717,天域生物
920809,安达科技
300583,赛托生物
002611,东方精工
920942,恒立钻具
688122,XD西部超
001319,铭科精技
603037,凯众股份
002851,麦格米特
300240,飞力达
301290,东星医疗
002364,中恒电气
300130,新国都
688361,中科飞测
600386,北巴传媒
300536,农尚环境
688035,德邦科技
300035,中科电气
688131,皓元医药
920357,雅葆轩
002882,金龙羽
000811,冰轮环境
001308,康冠科技
603067,振华股份
600826,兰生股份
300291,百纳千成
688010,福光股份
300812,易天股份
000404,长虹华意
002434,万里扬
603848,好太太
300750,宁德时代
301587,中瑞股份
301525,儒竞科技
688205,德科立
920186,中科仪
300082,奥克股份
003025,思进智能
003030,祖名股份
688249,晶合集成
002613,北玻股份
920992,中科美菱
000029,深深房Ａ
000682,东方电子
600137,浪莎股份
688314,康拓医疗
300640,德艺文创
603378,*ST亚士
003028,振邦智能
603356,华菱精工
603600,永艺股份
301518,长华化学
300284,苏交科
688376,美埃科技
688117,圣诺生物
002338,奥普光电
301196,唯科科技
605118,力鼎光电
603655,朗博科技
605258,协和电子
001234,泰慕士
001336,楚环科技
002863,今飞凯达
300509,新美星
301616,浙江华业
300699,光威复材
300952,恒辉安防
688793,倍轻松
300100,双林股份
002291,遥望科技
603200,上海洗霸
300825,阿尔特
301469,恒达新材
603203,快克智能
603716,塞力医疗
300450,先导智能
000935,四川双马
300310,宜通世纪
300331,苏大维格
300428,立中集团
300933,中辰股份
300890,翔丰华
301491,汉桑科技
600651,飞乐音响
688280,精进电动-W
301037,保立佳
300670,大烨智能
603569,长久物流
688489,三未信安
300302,同有科技
002992,宝明科技
300267,尔康制药
301555,惠柏新材
688262,国芯科技
002566,益盛药业
300077,国民技术
002448,中原内配
688727,恒坤新材
300358,楚天科技
300767,震安科技
603685,晨丰科技
300268,佳沃食品
002576,通达动力
603856,东宏股份
603275,众辰科技
300784,利安科技
688297,中无人机
920455,汇隆活塞
002823,凯中精密
002145,钛能化学
002962,五方光电
301256,华融化学
002326,永太科技
301666,大普微-UW
300102,乾照光电
301358,湖南裕能
605319,无锡振华
000681,视觉中国
301210,金杨精密
600293,三峡新材
300187,永清环保
300793,佳禾智能
000887,中鼎股份
300867,圣元环保
300884,狄耐克
300263,隆华科技
300885,海昌新材
301629,矽电股份
002174,游族网络
300778,新城市
603530,神马电力
688523,航天环宇
301156,美农生物
603191,望变电气
301307,美利信
300508,维宏股份
301300,远翔新材
300409,道氏技术
301063,海锅股份
002425,凯撒文化
300214,日科化学
603190,亚通精工
001209,洪兴股份
600118,中国卫星
688653,康希通信
300457,赢合科技
301348,蓝箭电子
002357,富临运业
002441,众业达
300045,华力创通
300360,炬华科技
300627,华测导航
301016,雷尔伟
301313,凡拓数创
000422,湖北宜化
300940,南极光
300806,斯迪克
600563,法拉电子
001282,三联锻造
603648,畅联股份
300098,高新兴
688219,会通股份
688433,华曙高科
300206,理邦仪器
688401,路维光电
000969,安泰科技
603258,电魂网络
301618,长联科技
003017,大洋生物
603915,国茂股份
688981,中芯国际
300941,创识科技
300949,奥雅股份
301421,波长光电
002394,联发股份
000070,特发信息
600630,龙头股份
300883,龙利得
001332,锡装股份
605069,正和生态
300069,金利华电
300033,同花顺
600545,卓郎智能
600883,博闻科技
300395,菲利华
603066,音飞储存
300520,科大国创
301519,舜禹股份
002766,索菱股份
300320,海达股份
601001,XD晋控煤
600615,鑫源智造
301213,观想科技
300281,金明精机
603311,金海高科
601999,出版传媒
300844,山水比德
002689,ST远智
000593,德龙汇能
000639,ST西王
301029,怡合达
688501,青达环保
002677,浙江美大
300540,蜀道装备
000518,四环生物
002833,弘亚数控
300711,广哈通信
002676,顺威股份
002660,茂硕电源
688781,视涯科技-UW
603316,诚邦股份
600446,金证股份
003037,三和管桩
688272,富吉瑞
603111,康尼机电
603158,腾龙股份
000731,四川美丰
002655,共达电声
688539,高华科技
300521,爱司凯
300604,长川科技
300573,兴齐眼药
301522,上大股份
002685,华东重机
920491,奥迪威
603219,富佳股份
603026,石大胜华
300740,水羊股份
300253,卫宁健康
002942,新农股份
688533,上声电子
002088,鲁阳节能
301309,万得凯
688296,和达科技
603688,石英股份
300113,顺网科技
301299,卓创资讯
002831,裕同科技
688790,昂瑞微-UW
002983,芯瑞达
002887,绿茵生态
002888,惠威科技
603305,旭升集团
301169,零点有数
603085,天成自控
002860,星帅尔
920368,连城数控
605336,*ST帅电
300500,启迪设计
300552,万集科技
688027,国盾量子
301212,联盛化学
605001,威奥股份
301575,艾芬达
002337,赛象科技
920496,许昌智能
603813,原尚股份
920425,乐创技术
000668,荣丰控股
603680,今创集团
000032,深桑达Ａ
603194,中力股份
688695,中创股份
002546,新联电子
920663,明阳科技
002951,金时科技
603004,鼎龙科技
688039,当虹科技
300115,长盈精密
301320,豪江智能
688597,煜邦电力
603755,日辰股份
002811,郑中设计
002151,北斗星通
688449,联芸科技
300690,双一科技
300695,兆丰股份
001218,丽臣实业
300412,迦南科技
920262,太湖雪
920418,苏轴股份
603949,雪龙集团
300942,易瑞生物
603273,天元智能
301602,超研股份
600769,祥龙电业
300043,星辉娱乐
301487,盟固利
603312,西典新能
002129,TCL中环
688021,奥福科技
301010,晶雪节能
300660,江苏雷利
300315,掌趣科技
002594,比亚迪
603583,捷昌驱动
605060,联德股份
001373,翔腾新材
688786,悦安新材
603059,倍加洁
002211,ST宏达
300019,硅宝科技
003008,开普检测
688667,菱电电控
603370,华新精科
300467,迅游科技
688576,西山科技
300723,一品红
603836,海程邦达
002717,*ST岭南
002638,勤上股份
002182,宝武镁业
300075,数字政通
600184,光电股份
300969,恒帅股份
002171,楚江新材
002243,力合科创
600076,康欣新材
300514,友讯达
002346,柘中股份
603063,禾望电气
002057,中钢天源
300886,华业香料
300593,新雷能
301006,迈拓股份
300667,必创科技
688037,芯源微
300430,*ST益通
920136,永励精密
688047,龙芯中科
301192,泰祥股份
601156,东航物流
688562,航天软件
688132,邦彦技术
600850,电科数字
002045,国光电器
002886,沃特股份
920119,美德乐
002389,航天彩虹
920720,吉冈精密
603015,弘讯科技
688239,航宇科技
600071,凤凰光学
688184,ST帕瓦
002910,庄园牧场
002935,天奥电子
605090,九丰能源
688516,奥特维
600841,动力新科
688612,威迈斯
001368,通达创智
301182,凯旺科技
300781,因赛集团
605058,澳弘电子
002590,万安科技
920178,锐翔智能
688256,寒武纪
300248,新开普
301187,欧圣电气
000757,浩物股份
002017,东信和平
301613,新铝时代
300052,中青宝
300743,天地数码
688737,中自科技
003003,天元股份
688611,杭州柯林
300512,中亚股份
920185,贝特瑞
688148,芳源股份
300960,通业科技
600895,张江高科
920570,坤博精工
300407,凯发电气
002079,苏州固锝
301353,普莱得
300645,正元智慧
600198,大唐电信
688182,灿勤科技
301022,海泰科
301167,建研设计
300612,宣亚国际
688419,耐科装备
300239,东宝生物
605056,咸亨国际
301325,曼恩斯特
600673,东阳光
603109,神驰机电
301418,协昌科技
688665,四方光电
603489,八方股份
301327,华宝新能
688020,方邦股份
603358,华达科技
000530,冰山冷热
301129,瑞纳智能
001333,光华股份
600851,海欣股份
300126,锐奇股份
300292,吴通控股
605378,野马电池
002235,安妮股份
603586,金麒麟
688288,鸿泉技术
688070,纵横股份
300468,四方精创
301163,宏德股份
300226,上海钢联
605289,罗曼股份
300681,英搏尔
001298,好上好
300405,科隆股份
600862,中航高科
301683,慧谷新材
920533,骏创科技
603028,赛福天
002104,恒宝股份
300490,华自科技
301459,丰茂股份
001339,智微智能
688420,美腾科技
300410,正业科技
301113,雅艺科技
300341,麦克奥迪
688017,绿的谐波
002806,华锋股份
002520,日发精机
300800,力合科技
300042,朗科科技
002906,华阳集团
600643,爱建集团
300190,维尔利
300350,华鹏飞
301361,众智科技
300819,聚杰微纤
600114,东睦股份
301552,科力装备
603808,歌力思
300170,汉得信息
000793,*ST华闻
603922,ST金鸿顺
603636,南威软件
688580,伟思医疗
603500,祥和实业
600319,亚星化学
300421,力星股份
603235,天新药业
603267,鸿远电子
688111,金山办公
002821,凯莱英
688697,纽威数控
300494,盛天网络
002713,东易日盛
603376,大明电子
300918,南山智尚
603072,天和磁材
603633,徕木股份
300864,南大环境
300792,壹网壹创
920139,华岭股份
002671,龙泉股份
300906,日月明
300809,华辰装备
603886,元祖股份
300726,宏达电子
603335,迪生力
603135,中重科技
002063,远光软件
301505,苏州规划
688468,科美诊断
002712,思美传媒
301584,建发致新
603379,三美股份
002758,浙农股份
688570,天玛智控
002183,怡 亚 通
300535,达威股份
300129,泰胜风能
603286,日盈电子
301279,金道科技
300953,震裕科技
002836,新宏泽
300938,信测标准
301036,双乐股份
603869,ST智知
688506,百利天恒
688358,祥生医疗
002283,天润工业
300655,晶瑞电材
920026,卓兆点胶
300217,东方电热
688217,睿昂基因
002657,中科金财
603667,五洲新春
000801,四川九洲
002161,远 望 谷
603901,永创智能
603906,龙蟠科技
688112,鼎阳科技
688387,信科移动-U
301052,果麦文化
301056,森赫股份
920768,拾比佰
688795,摩尔线程-U
300234,开尔新材
300789,唐源电气
603662,柯力传感
002931,锋龙股份
301059,金三江
300621,维业股份
000727,冠捷科技
300229,拓尔思
301135,瑞德智能
688638,誉辰智能
603938,三孚股份
603283,赛腾股份
603012,创力集团
688218,江苏北人
301049,超越科技
002890,弘宇股份
300265,通光线缆
002903,宇环数控
603197,保隆科技
688588,凌志软件
600577,精达股份
002952,亚世光电
001207,联科科技
605389,长龄液压
000691,亚太实业
301099,雅创电子
300441,鲍斯股份
600579,中化装备
301077,星华新材
688320,禾川科技
301349,信德新材
603666,亿嘉和
002927,泰永长征
300679,电连技术
301081,严牌股份
000929,兰州黄河
600770,综艺股份
002487,大金重工
301051,信濠光电
002875,安奈儿
603682,锦和商管
300532,今天国际
605399,晨光新材
605128,上海沿浦
301321,翰博高新
688707,振华新材
601199,江南水务
300220,金运激光
301448,开创电气
300269,联建光电
600063,皖维高新
300680,隆盛科技
688789,宏华数科
301157,华塑科技
301591,肯特股份
688155,先惠技术
603033,三维股份
688058,宝兰德
605003,众望布艺
603966,法兰泰克
000955,欣龙控股
002449,国星光电
000766,通化金马
300620,光库科技
688209,英集芯
688659,元琛科技
688189,ST南新
300378,鼎捷数智
920018,宏远股份
301289,国缆检测
301222,浙江恒威
002668,TCL智家
301238,瑞泰新材
920471,美邦科技
300929,华骐环保
001238,浙江正特
688193,仁度生物
920415,恒拓开源
300737,科顺股份
300414,中光防雷
688721,龙图光罩
002286,保龄宝
300304,云意电气
600367,红星发展
300530,领湃科技
688396,华润微
002687,乔治白
603738,泰晶科技
688517,金冠电气
300672,国科微
603928,兴业股份
300034,钢研高纳
688033,*ST天宜
300511,雪榕生物
002494,华斯股份
300686,智动力
688201,ST信安
300252,金信诺
300580,贝斯特
300709,精研科技
000012,南  玻Ａ
002970,锐明技术
301251,威尔高
300865,大宏立
301529,福赛科技
300694,蠡湖股份
300853,申昊科技
603006,联明股份
300907,康平科技
601311,骆驼股份
688556,高测股份
300381,溢多利
300174,元力股份
603223,恒通股份
688102,斯瑞新材
920274,宏裕包材
002708,光洋股份
603637,镇海股份
300101,振芯科技
688325,赛微微电
300507,苏奥传感
920786,骑士乳业
002805,丰元股份
600962,国投中鲁
920083,金戈新材
688130,晶华微
300971,博亚精工
301488,豪恩汽电
301107,瑜欣电子
300417,南华仪器
300923,研奥股份
300007,汉威科技
301023,奕帆传动
600596,新安股份
002443,金洲管道
300708,聚灿光电
688019,安集科技
300073,当升科技
688579,地纬智能
301315,威士顿
300545,联得装备
002916,深南电路
605133,嵘泰股份
300063,天龙集团
301198,喜悦智行
688531,日联科技
300637,扬帆新材
002403,爱仕达
300221,银禧科技
002857,三晖电气
688084,晶品特装
002222,福晶科技
688545,兴福电子
300106,西部牧业
003002,壶化股份
002733,雄韬股份
300227,光韵达
603159,上海亚虹
301171,易点天下
002587,奥拓电子
000837,秦川机床
002528,*ST英飞
001267,汇绿生态
603031,安孚科技
688090,瑞松科技
300758,七彩化学
688549,中巨芯-U
600436,片仔癀
600094,大名城
300642,透景生命
300200,高盟新材
688291,金橙子
301398,星源卓镁
600619,海立股份
300803,指南针
300973,立高食品
300121,阳谷华泰
600825,新华传媒
301270,汉仪股份
000997,新 大 陆
920981,晶赛科技
601918,新集能源
603528,多伦科技
001387,雪祺电气
600350,山东高速
300518,新迅达
688711,宏微科技
688267,中触媒
920100,三协电机
600232,金鹰股份
601886,江河集团
688207,格灵深瞳
920414,欧普泰
688157,松井股份
301665,泰禾股份
920066,科拜尔
002786,银宝山新
688135,利扬芯片
301626,苏州天脉
601231,环旭电子
002892,科力尔
301359,东南电子
300824,北鼎股份
688687,凯因科技
300018,中元股份
000777,中核科技
301025,读客文化
603700,宁水集团
920510,丰光精密
688188,柏楚电子
603757,大元泵业
002816,*ST和科
688210,统联精密
688095,福昕软件
300661,圣邦股份
603486,科沃斯
688586,江航装备
000990,诚志股份
920578,巨能股份
603992,松霖科技
920475,三友科技
301589,诺瓦星云
000973,佛塑科技
603355,莱克电气
300484,蓝海华腾
300011,鼎汉技术
920028,新恒泰
001283,豪鹏科技
920665,科强股份
300975,商络电子
300548,长芯博创
001256,炜冈科技
301197,工大科雅
688757,胜科纳米
002838,道恩股份
300398,飞凯材料
300607,拓斯达
301291,明阳电气
002850,科达利
603638,艾迪精密
301005,超捷股份
002909,集泰股份
300296,利亚德
002023,海特高新
301200,大族数控
301377,鼎泰高科
301314,科瑞思
600990,四创电子
600500,中化国际
688783,西安奕材-U
001696,宗申动力
001326,联域股份
300531,优博讯
603829,洛凯股份
688012,中微公司
688162,巨一科技
301680,固德电材
300989,蕾奥规划
603297,永新光学
300610,晨化股份
300161,华中数控
688598,金博股份
301199,迈赫股份
603262,技源集团
603301,振德医疗
688345,博力威
688299,长阳科技
300647,超频三
301446,福事特
605218,伟时电子
300538,同益股份
920642,通易航天
300403,汉宇集团
688607,康众医疗
603730,岱美股份
002643,万润股份
300002,神州泰岳
002446,盛路通信
002297,博云新材
300840,酷特智能
688448,磁谷科技
002324,普利特
301581,黄山谷捷
920225,利通科技
002284,亚太股份
300980,祥源新材
601208,东材科技
605189,富春染织
300150,世纪瑞尔
300278,华昌达
000100,TCL科技
688041,海光信息
300305,裕兴股份
600120,浙江东方
301288,清研环境
920111,聚星科技
301548,崇德科技
002669,康达新材
301028,鼎熔岩
688478,晶升股份
688439,振华风光
603991,领先股份
603324,盛剑科技
300435,中泰股份
300721,怡达股份
002031,巨轮智能
688060,云涌科技
300199,翰宇药业
300542,新晨科技
688573,信宇人
300241,瑞丰光电
603950,长源东谷
002729,好利科技
300624,万兴科技
300549,优德精密
002250,联化科技
002967,广电计量
300013,新宁物流
300371,汇中股份
002516,旷达科技
920021,流金科技
688067,爱威科技
688765,禾元生物-U
603859,能科科技
603045,福达合金
300478,杭州高新
300813,泰林生物
301360,荣旗科技
300488,恒锋工具
301568,思泰克
688528,秦川物联
301097,天益医疗
300872,天阳科技
300635,中达安
600633,浙数文化
601369,陕鼓动力
000657,中钨高新
002125,湘潭电化
605589,圣泉集团
301557,常友科技
301565,中仑新材
605287,德才股份
002277,友阿股份
002647,仁东控股
920081,欧伦电气
603013,亚普股份
300751,迈为股份
605255,天普股份
688318,财富趋势
300446,航天智造
000551,创元科技
300433,蓝思科技
002058,威尔泰
688126,沪硅产业
300546,雄帝科技
688603,天承科技
300534,陇神戎发
301076,新瀚新材
300481,濮阳惠成
002789,*ST建艺
300182,捷成股份
603920,世运电路
301516,中远通
301596,瑞迪智驱
603057,紫燕食品
688625,呈和科技
300537,广信材料
920200,振宏股份
688518,联赢激光
600160,巨化股份
688627,精智达
300277,汽轮科技
301002,崧盛股份
688323,瑞华泰
300154,瑞凌股份
688165,埃夫特-U
300912,凯龙高科
300586,美联新材
300696,爱乐达
600676,交运股份
002664,信质集团
300243,瑞丰高材
920124,南特科技
603809,豪能股份
300037,新宙邦
688398,赛特新材
301281,科源制药
002012,凯恩股份
603211,晋拓股份
002485,ST雪发
688592,司南导航
600397,江钨装备
920593,鼎智科技
002139,拓邦股份
300283,温州宏丰
300785,值得买
603838,*ST四通
603151,邦基科技
688056,莱伯泰科
300076,*ST宁视
300766,每日互动
605167,利柏特
300557,理工光科
600992,贵绳股份
688500,慧辰股份
001369,双欣材料
688306,均普智能
300833,浩洋股份
300790,宇瞳光学
688558,国盛智科
688623,双元科技
301373,凌玮科技
002029,七 匹 狼
603255,鼎际得
688499,利元亨
920790,联迪信息
688053,ST思科瑞
605228,神通科技
002457,青龙管业
688275,万润新能
001215,千味央厨
688339,亿华通-U
300258,精锻科技
301231,荣信文化
603032,德新科技
688176,亚虹医药-U
300399,天利科技
301121,紫建电子
603931,格林达
300745,欣锐科技
002633,申科股份
300497,富祥股份
300948,冠中生态
688026,洁特生物
002388,新亚制程
300765,石药创新
603959,ST百利
603722,阿科力
003004,声迅股份
688633,星球石墨
688589,力合微
688092,爱科科技
688510,航亚科技
300400,劲拓股份
688003,天准科技
002135,东南网架
688322,奥比中光-W
300353,东土科技
603328,依顿电子
300024,机器人
603779,威龙股份
301019,宁波色母
603606,东方电缆
301338,凯格精机
301275,汉朔科技
688106,金宏气体
002773,康弘药业
920489,佳先股份
301419,阿莱德
603567,珍宝岛
920012,创达新材
001359,平安电工
688311,盟升电子
002787,华源控股
688329,艾隆科技
301053,远信工业
603389,亚振家居
300408,三环集团
688484,南芯科技
605366,宏柏新材
601678,滨化股份
002006,精工科技
600847,万里股份
300823,建科智能
002741,光华科技
688156,路德科技
300065,海兰信
600611,大众交通
300849,锦盛新材
002617,露笑科技
688768,容知日新
301280,珠城科技
301259,艾布鲁
603690,至纯科技
000725,京东方Ａ
688818,电科蓝天
300081,ST恒信
002559,亚威股份
300251,光线传媒
300099,尤洛卡
000567,海德股份
002292,奥飞娱乐
301499,维科精密
001389,广合科技
688418,震有科技
301138,华研精机
300133,华策影视
002605,姚记科技
688163,赛伦生物
002812,恩捷股份
300815,玉禾田
003019,宸展光电
603677,奇精机械
300464,星徽股份
000810,创维数字
300088,长信科技
301368,丰立智能
300041,回天新材
002938,鹏鼎控股
600226,亨通股份
002835,同为股份
300700,岱勒新材
300486,东杰智能
688327,云从科技-UW
002815,崇达技术
688716,中研股份
688605,先锋精科
300162,雷曼光电
300533,冰川网络
300866,安克创新
300244,迪安诊断
002241,歌尔股份
300444,双杰电气
001378,德冠新材
600360,华微电子
002517,恺英网络
300591,万里马
301125,腾亚精工
002491,通鼎互联
000700,模塑科技
688571,杭华股份
300472,*ST新元
002456,欧菲光
603416,信捷电气
300276,三丰智能
688671,碧兴物联
688615,合合信息
603092,德力佳
002301,齐心集团
605088,冠盛股份
300966,共同药业
688787,海天瑞声
002706,良信股份
688181,八亿时空
300146,汤臣倍健
301095,广立微
688622,*ST禾信
301092,争光股份
688125,安达智能
301539,宏鑫科技
300665,飞鹿股份
300219,鸿利智汇
300780,德恩精工
603790,雅运股份
603002,宏昌电子
601126,四方股份
300909,汇创达
600053,*ST九鼎
603270,金帝股份
603165,荣晟环保
300071,福石控股
688313,仕佳光子
002915,中欣氟材
603997,继峰股份
300354,东华测试
603007,顺景科技
300756,金马游乐
002845,同兴达
003009,中天火箭
603533,掌阅科技
920156,海昌智能
920220,朗信电气
603196,璞源材料
002624,完美世界
688187,时代电气
688383,新益昌
688066,*ST航图
688602,康鹏科技
300184,力源信息
002654,万润科技
300473,德尔股份
603281,江瀚新材
605566,福莱蒽特
688472,阿特斯
688507,索辰科技
688213,思特威-W
603155,新亚强
688147,微导纳米
300773,拉卡拉
002989,中天精装
688082,盛美上海
688129,东来技术
600835,上海机电
301486,致尚科技
300903,科翔股份
600345,长江通信
300349,金卡智能
300807,天迈科技
300257,开山股份
688170,德龙激光
300674,宇信科技
002380,科远智慧
688693,锴威特
301528,多浦乐
300287,飞利信
300852,四会富仕
688088,虹软科技
688652,京仪装备
600888,新疆众和
003013,地铁设计
300776,帝尔激光
600857,宁波中百
920870,恒进感应
688577,浙海德曼
688585,上纬新材
002779,中坚科技
920130,立方控股
300303,聚飞光电
600107,*ST尔雅
300821,东岳硅材
300380,安硕信息
300058,蓝色光标
920206,彩客科技
002635,安洁科技
688109,品茗科技
301606,绿联科技
688116,天奈科技
300377,赢时胜
300560,中富通
301592,六九一二
600745,*ST闻泰
600203,福日电子
300863,卡倍亿
688215,瑞晟智能
920035,精创电气
920181,赛英电子
920227,美登科技
002871,伟隆股份
300943,春晖智控
688268,华特气体
603815,交建股份
002056,横店东磁
688258,卓易信息
300570,太辰光
688613,奥精医疗
301257,普蕊斯
688628,优利德
002718,友邦吊顶
002597,金禾实业
688657,浩辰软件
002976,瑞玛精密
002698,博实股份
301317,鑫磊股份
920670,数字人
688150,莱特光电
688388,嘉元科技
301306,西测测试
688400,凌云光
300196,长海股份
688286,敏芯股份
002123,梦网科技
002585,双星新材
603350,安乃达
002137,实益达
688503,聚和材料
000672,上峰材料
603001,奥康国际
003036,泰坦股份
600353,旭光电子
002354,天娱数科
688550,瑞联新材
920971,天马新材
300716,*ST泉为
301630,同宇新材
002681,奋达科技
688300,联瑞新材
300528,幸福蓝海
301297,富乐德
301511,德福科技
920171,志晟信息
688662,富信科技
300860,锋尚文化
920092,汉鑫科技
002106,莱宝高科
300151,昌红科技
920608,丰安股份
688168,安博通
600110,诺德股份
688808,联讯仪器
688301,奕瑞科技
688395,正弦电气
300418,昆仑万维
000048,京基智农
300835,龙磁科技
688179,阿拉丁
300236,上海新阳
688097,博众精工
002980,华盛昌
002642,荣联科技
300489,光智科技
300855,图南股份
688138,清溢光电
688686,奥普特
688308,XD欧科亿
688103,国力电子
605186,健麾信息
688378,奥来德
300260,新莱应材
301607,富特科技
600869,远东股份
301013,利和兴
603163,圣晖集成
920187,通领科技
301603,乔锋智能
001380,华纬科技
688007,光峰科技
300083,创世纪
300225,金力泰
002522,浙江众成
002937,兴瑞科技
300382,斯莱克
300364,中文在线
688522,纳睿雷达
300553,集智股份
300710,万隆光电
300259,新天科技
688596,正帆科技
688450,光格科技
920015,锦华新材
300323,华灿光电
688535,华海诚科
301369,联动科技
603989,艾华集团
688802,沐曦股份-U
301176,逸豪新材
001314,亿道信息
689009,九号公司-WD
300668,杰恩股份
688028,沃尔德
920748,路桥信息
001365,天海电子
300394,天孚通信
300936,中英科技
688409,富创精密
301489,思泉新材
603337,杰克科技
002384,东山精密
920522,纳科诺尔
688093,世华科技
300873,海晨股份
301611,珂玛科技
688160,步科股份
300475,香农芯创
920179,凯德石英
603678,火炬电子
002606,大连电瓷
920096,嘉晨智能
002602,世纪华通
301203,国泰环保
603618,杭电股份
688668,鼎通科技
300031,宝通科技
300136,信维通信
301326,捷邦科技
300440,运达科技
300223,北京君正
002534,西子洁能
688255,凯尔达
920184,国源科技
688700,东威科技
300561,汇金科技
688257,新锐股份
688813,泰金新能
688720,艾森股份
600522,中天科技
301235,华康洁净
001230,劲旅环境
002558,巨人网络
688601,力芯微
603186,华正新材
920045,蘅东光
920799,艾融软件
688231,隆达股份
300112,万讯自控
001399,惠科股份
688498,源杰科技
688068,热景生物
301392,汇成真空
603466,风语筑
301045,天禄科技
688101,三达膜
603308,应流股份
603020,爱普股份
300503,昊志机电
920527,夜光明
688233,神工股份
301115,联检科技
920821,则成电子
688689,银河微电
002080,中材科技
300308,中际旭创
002068,黑猫股份
688584,上海合晶
688593,新相微
300469,信息发展
300568,星源材质
920699,海达尔
000636,风华高科
002731,*ST萃华
002463,沪电股份
002866,传艺科技
688432,有研硅
688127,蓝特光学
002960,青鸟智控
688083,中望软件
603115,海星股份
688610,埃科光电
300085,银之杰
920592,华信永道
600105,永鼎股份
600289,ST信通
688788,科思科技
600183,生益科技
002552,宝鼎科技
920976,视声智能
002632,道明光学
002126,银轮股份
688635,长进光子
603698,航天工程
301379,天山电子
688766,普冉股份
688502,茂莱光学
002082,ST万邦
603665,康隆达
000892,欢瑞世纪
300502,新易盛
603075,热威股份
688048,长光华芯
002541,鸿路钢构
300649,杭州园林
301122,采纳股份
301308,江波龙
920189,康美特
688001,华兴源创
002803,吉宏股份
001395,亚联机械
002046,国机精工
600487,亨通光电
920193,吉和昌
002293,罗莱生活
002636,金安国纪
300567,精测电子
688333,铂力特
688183,生益电子
688525,佰维存储
688260,昀冢科技
301526,国际复材
920078,族兴新材
300717,华信新材
301042,安联锐视
605208,永茂泰
300889,爱克股份
688359,三孚新科
300005,探路者
688777,中控技术
688143,长盈通
300566,激智科技
603608,天创时尚
688200,华峰测控
688479,友车科技
920267,鑫汇科
601869,长飞光纤
603398,*ST沐邦
603519,立霸股份
600605,汇通能源
603683,晶华新材
001388,信通电子
003001,中岩大地
000779,甘咨询
600176,中国巨石
001309,德明利
688485,九州一轨
001206,依依股份
688519,南亚新材
920211,新睿电子
301217,铜冠铜箔
300438,鹏辉能源
920117,龙鑫智能
300577,开润股份
688636,智明达
920125,鸿仕达
688806,C泰诺-U
920685,新芝生物
920680,广道退
920258,聚仁新材
920238,长鹰硬科
920176,维琪科技
920065,千岸科技
833994,翰博高新
833874,泰祥股份
832317,观典防务
810014,莱特定转
810013,万通定转
810011,优机定转
688825,长鑫科技
688555,退市泽达
688287,退市观典
688086,退市紫晶
605081,退市太和
603996,退市中新
603963,*ST大药
603603,退市博天
603555,ST贵人
603468,津富士达
603388,*ST元成
603157,退市拉夏
603133,退市碳元
603056,德邦股份
603003,退市龙宇
601989,中国重工
601558,退市锐电
601299,中国北车
601268,*ST二重
601258,*ST庞大
601028,玉龙股份
600991,广汽长丰
600978,*ST宜生
600899,*ST信联
600898,*ST美讯
600896,退市海医
600891,退市秋林
600890,退市中房
600878,*ST北科
600870,退市厦华
600856,退市中天
600852,*ST中川
600849,上药转换
600842,中西药业
600840,新湖创业
600837,海通证券
600836,*ST易连
600832,东方明珠
600823,*ST世茂
600813,ST鞍一工
600811,*ST东方
600806,退市昆机
600804,退市鹏博
600799,*ST龙科
600788,*ST达曼
600786,东方锅炉
600781,退市辅仁
600772,S*ST龙昌
600767,退市运盛
600766,退市园城
600762,S*ST金荔
600752,*ST哈慈
600747,退市大控
600723,首商股份
600709,ST生态
600705,中航产融
600701,退市工新
600700,*ST数码
600696,退市岩石
600695,退市绿庭
600687,退市刚泰
600680,*ST上普
600677,*ST航通
600672,*ST华圣
600670,*ST斯达
600669,*ST鞍成
600659,*ST花雕
600656,退市博元
600652,退市游久
600647,退市同达
600646,ST国嘉
600636,退市国化
600634,退市富控
600632,华联商厦
600631,百联股份
600627,上电股份
600625,PT水仙
600614,退市鹏起
600608,退市沪科
600607,上实医药
600599,退市熊猫
600591,*ST上航
600565,ST迪马
600555,退市海创
600553,太行水泥
600532,退市未来
600485,*ST信威
600472,包头铝业
600466,*ST蓝光
600462,退市九有
600432,退市吉恩
600421,退市华嵘
600401,退市海润
600393,ST粤泰
600387,退市海越
600385,退市金泰
600357,承德钒钛
600355,*ST精伦
600321,正源股份
600317,营口港
600311,*ST荣华
600306,退市商城
600297,广汇汽车
600296,S兰铝
600291,退市西水
600290,*ST华仪
600286,S*ST国瓷
600277,ST亿利
600275,退市昌鱼
600270,外运发展
600263,路桥建设
600260,*ST凯乐
600253,天方药业
600247,*ST成城
600242,退市中昌
600240,退市华业
600225,退市卓朗
600220,ST阳光
600213,*ST亚星
600209,退市罗顿
600205,S山东铝
600200,退市苏吴
600193,退市创兴
600190,退市锦港
600181,S*ST云大
600175,退市美都
600146,退市环球
600145,退市新亿
600139,*ST西源
600122,*ST宏图
600112,*ST天成
600102,莱钢股份
600093,退市易见
600092,S*ST精密
600091,退市明科
600090,退市济堂
600087,退市长油
600086,退市金钰
600083,*ST博信
600077,*ST宋都
600074,退市保千
600070,*ST富润
600069,退市银鸽
600068,葛洲坝
600065,*ST联谊
600005,武钢股份
600003,ST东北高
600002,齐鲁石化
600001,邯郸钢铁
301707,展芯股份
301677,欣兴工具
300799,左江退
300742,越博退
300630,普利退
300526,中潜退
300495,*ST美尚
300431,暴风退
300392,腾信退
300391,长药退
300379,东通退
300372,欣泰退
300367,网力退
300362,天翔退
300356,光一退
300344,立方退
300336,新文退
300330,计通退
300325,德威退
300312,邦讯退
300309,吉艾退
300297,蓝盾退
300282,三盛退
300280,紫天退
300273,和佳退
300262,*ST巴安
300216,千山退
300208,中程退
300202,聚龙退
300186,大华农
300178,腾邦退
300156,神雾退
300117,*ST嘉寓
300116,*ST保力
300108,*ST吉药
300104,乐视退
300090,盛运退
300089,文化退
300064,金刚退
300038,数知退
300029,天龙退
300028,金亚退
300023,宝德退
002898,赛隆退
002808,恒久退
002781,奇信退
002776,*ST柏龙
002770,科迪退
002751,易尚退
002750,龙津退
002740,*ST爱迪
002711,欧浦退
002699,*ST美盛
002684,猛狮退
002680,长生退
002665,ST航高
002621,*ST美吉
002619,*ST艾格
002618,丹邦退
002610,ST爱康
002604,龙力退
002509,天茂退
002505,鹏都农牧
002504,*ST弘高
002503,*ST搜特
002502,ST鼎龙
002499,科林退
002477,雏鹰退
002473,圣莱退
002464,众应退
002450,康得退
002447,晨鑫退
002435,ST长康
002433,太安退
002417,深南退
002411,必康退
002359,北讯退
002341,ST新纶
002336,人乐退
002325,*ST洪涛
002308,*ST威创
002288,*ST超华
002280,ST联络
002260,德奥退
002231,*ST奥维
002220,天宝退
002199,*ST东晶
002147,新光退
002143,印纪退
002118,*ST紫鑫
002113,*ST天润
002089,新海退
002087,新纺退
002071,长城退
002070,众和退
002018,华信退
002013,中航机电
002002,ST鸿达
001232,嘉立创
000996,中期退
000982,中银绒业
000979,中弘退
000976,*ST华铁
000971,*ST高升
000961,ST中南
000956,中原油气
000939,凯迪退
000918,*ST嘉凯
000916,华北高速
000866,扬子石化
000861,海印股份
000851,*ST高鸿
000836,ST富通
000835,长动退
000832,*ST龙涤
000827,*ST长兴
000817,辽河油田
000806,银河退
000805,*ST炎黄
000787,*ST创智
000780,ST平能
000769,*ST大菲
000765,*ST华信
000763,锦州石化
000760,斯太退
000748,长城信息
000732,ST泰禾
000730,*ST环保
000699,S*ST佳纸
000693,华泽退
000689,ST宏业
000687,华讯退
000675,ST银山
000673,当代退
000671,ST阳光城
000667,ST美置
000666,经纬纺机
000662,天夏退
000660,*ST南华
000658,ST海洋
000653,ST九州
000638,*ST万方
000627,*ST天茂
000622,恒立退
000621,*ST比特
000618,吉林化工
000616,*ST海投
000613,东海A退
000611,天首退
000606,顺利退
000602,金马集团
000594,国恒退
000588,PT粤金曼
000587,*ST金洲
000585,东电退
000584,工智退
000583,S*ST托普
000578,盐湖集团
000569,长城股份
000562,宏源证券
000556,PT南洋
000549,S湘火炬
000542,TCL通讯
000540,*ST中天
000535,*ST猴王
000527,美的电器
000522,白云山A
000515,攀渝钛业
000511,烯碳退
000508,琼民源A
000502,绿景退
000418,小天鹅A
000416,*ST民控
000413,ST旭电
000412,ST五环
000406,石油大明
000405,ST鑫光
000150,*ST宜康
000047,ST中侨
000046,*ST泛海
000040,*ST旭蓝
000038,大通退
000033,新都退
000024,招商地产
000023,*ST深天
000018,神城A退
000015,PT中浩A
000013,*ST石化A
000005,ST星源
000004,国华退
000003,PT金田A
