sector_name,change_pct,up_count,down_count,top_stock
农化制品,4.71,0,0,
油气开采及服务,4.23,0,0,
农产品加工,3.5,0,0,
种植业与林业,3.3,0,0,
医疗服务,3.08,0,0,
煤炭开采加工,2.96,0,0,
石油加工贸易,2.92,0,0,
化学原料,2.54,0,0,
综合,2.53,0,0,
文化传媒,2.44,0,0,
燃气,2.42,0,0,
钢铁,2.4,0,0,
房地产,2.25,0,0,
工业金属,2.12,0,0,
贸易,2.03,0,0,
教育,1.94,0,0,
生物制品,1.93,0,0,
影视院线,1.93,0,0,
橡胶制品,1.8,0,0,
饮料制造,1.7,0,0,
中药,1.65,0,0,
军工装备,1.58,0,0,
化学制药,1.5,0,0,
多元金融,1.45,0,0,
造纸,1.43,0,0,
厨卫电器,1.42,0,0,
零售,1.33,0,0,
汽车整车,1.31,0,0,
电力,1.3,0,0,
化学制品,1.29,0,0,
化学纤维,1.26,0,0,
环境治理,1.15,0,0,
风电设备,1.1,0,0,
食品加工制造,1.05,0,0,
旅游及酒店,1.02,0,0,
建筑装饰,1.0,0,0,
医药商业,1.0,0,0,
银行,0.99,0,0,
物流,0.98,0,0,
美容护理,0.89,0,0,
小家电,0.89,0,0,
服装家纺,0.87,0,0,
建筑材料,0.86,0,0,
纺织制造,0.86,0,0,
养殖业,0.85,0,0,
环保设备,0.83,0,0,
其他社会服务,0.75,0,0,
军工电子,0.74,0,0,
汽车服务及其他,0.73,0,0,
白色家电,0.65,0,0,
医疗器械,0.65,0,0,
包装印刷,0.62,0,0,
港口航运,0.62,0,0,
家居用品,0.54,0,0,
专用设备,0.52,0,0,
轨交设备,0.5,0,0,
互联网电商,0.37,0,0,
元件,0.34,0,0,
游戏,0.34,0,0,
白酒,0.33,0,0,
公路铁路运输,0.29,0,0,
通信服务,0.25,0,0,
能源金属,0.22,0,0,
黑色家电,0.14,0,0,
工程机械,0.12,0,0,
电网设备,0.1,0,0,
通信设备,0.05,0,0,
光伏设备,-0.01,0,0,
小金属,-0.03,0,0,
IT服务,-0.05,0,0,
塑料制品,-0.07,0,0,
非金属材料,-0.07,0,0,
机场航运,-0.14,0,0,
通用设备,-0.15,0,0,
软件开发,-0.15,0,0,
贵金属,-0.2,0,0,
光学光电子,-0.21,0,0,
汽车零部件,-0.32,0,0,
证券,-0.38,0,0,
保险,-0.51,0,0,
电机,-0.54,0,0,
计算机设备,-0.58,0,0,
电池,-0.59,0,0,
其他电源设备,-0.63,0,0,
金属新材料,-0.7,0,0,
自动化设备,-0.75,0,0,
消费电子,-1.08,0,0,
半导体,-1.28,0,0,
其他电子,-1.34,0,0,
电子化学品,-1.46,0,0,
