date,momentum_20d,main_net_inflow,volume_ratio,turnover,float_market_cap,ma_bias,sector_heat,amplitude,main_inflow_5d,turnover_5d,total_market_cap,pe_ttm,pb,dividend_yield,roe,net_profit_growth,revenue_growth,gross_margin,debt_ratio
2026-08-17,-0.0038468587331564,0.1240814618356146,-0.1218988689673634,0.154900833390566,-0.0386335088971369,0.0849380340690382,0.3095444518623083,0.0433963598983797,0.0292139991198009,0.1936222775226415,-0.0116081627089635,0.143544226292503,0.2343405559989829,-0.2378111741608109,0.0305620256617552,0.0949879391514723,0.2035985595984295,-0.0720779582857163,-0.0656156545741419
2026-08-18,-0.0944818582459156,0.0491926846475325,0.0176720810992284,-0.1456523024808081,-0.0127613407067111,0.0127721498043846,-0.0125302495291625,-0.0458524758941523,0.0397477272760219,-0.1604646773914169,-0.0139105104338053,9.156088543782512e-05,-0.0640910858891037,0.1233838540779317,0.0793649211746717,-0.0368758426839066,0.0031026566784442,-0.0312470414356576,-0.0127404184507606
2026-08-19,-0.2880785673499464,0.0405821167447392,-0.1259364791621978,-0.5561124990989657,-0.0210098381433484,-0.2556050945649495,-0.0979183940154536,-0.5151292795651019,-0.2108586850682014,-0.5386877980859469,-0.0567720571869703,-0.1799073892388562,-0.5272318276748834,0.5501557694485287,0.1204681470011826,-0.0826460280650578,-0.1917284467853934,0.0160643977249194,0.0880730588992035
2026-08-20,,0.0993205865816779,-0.1243766617690047,-0.1341343196448915,-0.2662194727356701,,,-0.0883357157765033,,,-0.2869094579813447,0.0537518507569765,-0.074865271737796,-0.0046115516705058,,,,,
2026-08-21,,-0.1743491610985689,-0.2638626805377712,-0.0061040505817632,-0.0208319591885006,,,-0.0231785268020205,,,-0.0319788676697583,0.1845881932773206,0.189908398675002,-0.2403683499901161,,,,,
2026-08-24,,0.0557022293379416,0.0414801285574302,-0.2994209458435668,0.0051461128294303,,,-0.3036734497832648,,,-0.0062659525135914,-0.2700175417837993,-0.2955793802022994,0.2998720866259436,,,,,
2026-08-25,,-0.0085234463506066,-0.1222357301980932,-0.0387287316837394,-0.4013186668442025,,,-0.0971953003987054,,,-0.4306487285571768,0.0971231157062596,-0.09012012719867,0.0022244039421672,,,,,
2026-08-26,,-0.0574531384928242,0.0488938495439243,-0.2337774135799001,0.1226839441335784,,,-0.2690003709379946,,,0.0978025852500864,-0.1896728344877497,-0.2060580944993922,0.1770199577130071,,,,,
2026-08-27,,-0.0273306840013684,-0.1854378090877257,0.3101694076701526,0.2001536628347896,,,0.3026518969942519,,,0.2375496290041324,0.3005894709315905,0.3700042783853557,-0.3619415285073292,,,,,
2026-08-28,,-0.0729126195512664,-0.0503873427857946,-0.215992481175763,-0.191946821386899,,,-0.265880038134195,,,-0.2454867798405572,-0.1888045205266712,-0.2805399631630053,0.2102741613183327,,,,,
2026-08-31,,-0.021500312459396,0.0088110402405207,0.0855543625372653,-0.1500425532400002,,,0.0764165323544226,,,-0.1330071698835782,0.1859029791954375,0.1928161904754672,-0.1996357608085146,,,,,
2026-09-01,,-0.0181198919765287,0.0323635633947439,-0.1928425162128839,-0.2016482773635882,,,-0.2915000885192326,,,-0.2513134688857867,-0.2083524434536053,-0.3091518950416038,0.2959585869416021,,,,,
2026-09-02,,-0.0129084159951399,-0.0372421290960363,-0.1223510623000373,-0.2572058732058816,,,-0.1873831164770284,,,-0.2571791595783462,0.0314272510064003,-0.0058238405038815,0.0142720129016959,,,,,
2026-09-03,,-0.078597762624668,-0.0934549591546969,-0.1007587723618673,0.3437787108155388,,,-0.0166276219277153,,,0.3548039842870244,-0.1238567983143512,0.0510931652028878,0.0058649827014241,,,,,
2026-09-04,,-0.0444171642569348,0.0201099839548888,-0.2574902584556459,-0.100732053804774,,,-0.205980284747686,,,-0.1506622968183058,-0.2462471964300568,-0.3163447498679643,0.3218436008988127,,,,,
2026-09-07,,-0.1243619812139337,0.0216476477300507,0.2467195375065816,-0.1019561588369383,,,0.3523415835945588,,,-0.0886585928515237,0.2974051671459966,0.2314155032521269,-0.2518812734581196,,,,,
2026-09-08,,-0.0163540994823506,-0.1850150206452616,-0.1723376900019983,-0.1238351518387103,,,-0.2350840535631608,,,-0.1801654668941425,-0.1161535045769131,-0.293329703328317,0.1998187060914345,,,,,
2026-09-09,,0.0050572263923483,0.0508826433221184,-0.1095786402750093,0.1979381386553483,,,-0.0558479246003353,,,0.1763081124708062,-0.113423428370604,-0.0838727132964275,0.0339447991590557,,,,,
2026-09-10,,0.0094683805003692,-0.0367011519108416,-0.2225017521134218,0.1787383346724967,,,-0.1799235174609685,,,0.1594756886761904,-0.1183189336566111,-0.0829061164871882,0.0668610196247316,,,,,
2026-09-11,,-0.0127810848589769,0.0071442243926243,-0.1664475399705326,0.1454629921818787,,,-0.1847674328348225,,,0.1475457772857597,-0.057344142594633,0.0189804234977399,0.0753437567363995,,,,,
2026-09-14,,0.0521739609153486,0.0390756597975842,-0.0273449527363629,-0.1285220858168752,,,0.0158118714156401,,,-0.0884531501701995,0.0317641445464114,-0.0175096892647412,0.0015261666495599,,,,,
2026-09-15,,-0.0441036627286448,-0.0234124644267078,-0.124490894577756,0.3973321536495557,,,-0.0602789031945782,,,0.4594428169329132,-0.0700276643044448,0.0965722402261645,-0.0399840237086915,,,,,
2026-09-16,,0.1062929832009428,0.0165637369460814,0.2894108224719045,-0.1240883845703565,,,0.196591155990744,,,-0.1092869320828887,0.3814788865624585,0.3161023398933916,-0.3922018137491011,,,,,
2026-09-17,,-0.057863378873167,-0.152783568075201,-0.060773772029259,-0.2664967944420274,,,-0.0771032405852379,,,-0.2757495300610469,0.0359332235240434,-0.0429508226877358,0.0058314528172819,,,,,
2026-09-18,,-0.1346819303842707,0.0795492198652605,0.2058728842347965,0.0774809154495595,,,0.1352561333242831,,,0.1343058047159014,0.2346982992575193,0.2534919526010991,-0.2870434034718144,,,,,
2026-09-21,,-0.0603353969718748,-0.0121176291286582,0.0469898963535365,-0.2857425804902914,,,0.0779163501431618,,,-0.3185082668035128,0.088890152351479,-0.106839720682417,0.0062268942364051,,,,,
2026-09-22,,-0.0010707146089019,0.0814206786615318,-0.0448161870381871,-0.1214669935062765,,,-0.0167722997056409,,,-0.1420536832046503,0.0111088402036102,-0.0034201924724356,0.0475093127728144,,,,,
2026-09-23,,-0.0159063436649935,-0.0516771861636434,-0.098310358607996,0.0084793057034629,,,-0.0147207819765854,,,0.0460152950474728,-0.0122408580044192,0.0139470914023707,-0.0046913377803857,,,,,
2026-09-24,,0.0217488243105695,-0.0538669145226856,-0.2561514791095788,-0.2788711817064984,,,-0.2190794132599861,,,-0.3104630228189807,-0.1587202227771265,-0.2495015539822711,0.2653439104326979,,,,,
2026-09-28,,0.1250216368559986,0.0422565975558742,-0.3870820027085389,-0.1496882010297218,,,-0.3625013736795366,,,-0.1841010080305166,-0.3247611195748537,-0.4252603353697988,0.4218464415283501,,,,,
2026-10-08,-0.0452543657106763,0.0419853087494921,0.0825524205804904,-0.2456087132714655,-0.1112516980743586,0.2651676701117557,,-0.339921474824965,0.1068233826408711,-0.2609247615966608,-0.1240660041880197,-0.28107580989009,-0.3468992136293392,0.3354980499024312,0.0396919175069837,,,,
2026-10-09,-0.0424295299669021,-0.0044989009261664,-0.0025794801040659,-0.19741524152265,-0.0057210784457892,0.1988554682830366,,-0.3101696839924413,0.029861357735436,-0.1918770580751239,-0.0423553516516775,-0.1818869970364157,-0.2104071136873331,0.2040604202202219,-0.0554924696219375,,,,
2026-09-30,0.2758269159285472,0.1004665054544388,0.0632121124275249,-0.3099108463481791,0.1890403391825137,0.4939333611511957,,-0.4113823651842223,0.240275089185859,-0.3138318461573394,0.1506772592587375,-0.3481727203096222,-0.3263069268649222,0.3584994032386612,0.0780018200485676,,,,
2026-09-29,0.1309112398852848,0.068815484005171,0.057799773822636846,0.0923523339972305,-0.1498862881070595,0.07581974644212963,,0.11647183463668441,0.15840821540562222,0.08996862058500074,-0.17374914475766748,0.09237152286907582,-0.017215008712639097,-0.09788699548863836,-0.16888283972947324,,,,
