ts_code,date,close,open,high,low,pre_close,change,pct_chg,volume,amount
399001.SZ,2026-04-09,13996.2652,13928.4277,14058.0524,13891.4783,14042.4964,-46.2312,-0.3292,208903268.48,6169.3723615764
399001.SZ,2026-04-10,14309.4718,14098.0161,14382.6103,14095.8821,13996.2652,313.2066,2.2378,236141056.2,7441.6690427525
399001.SZ,2026-04-13,14407.8639,14233.1117,14440.2644,14233.1117,14309.4718,98.3921,0.6876,215252682.89,6623.3438420003995
399001.SZ,2026-04-14,14639.9522,14514.6879,14640.7688,14463.93,14407.8639,232.0883,1.6108,236780759.73,7403.671437546901
399001.SZ,2026-04-15,14498.4546,14736.009,14738.5332,14440.2092,14639.9522,-141.4976,-0.9665,232031960.41,7164.6375141524
399001.SZ,2026-04-16,14796.3345,14546.3529,14807.1617,14522.8604,14498.4546,297.8799,2.0546,225160173.66,6928.269915987099
399001.SZ,2026-04-17,14885.4159,14806.2803,14916.3921,14787.8697,14796.3345,89.0814,0.6021,224484193.32,7272.8510373644995
399001.SZ,2026-04-20,14966.7468,14870.8999,15006.9171,14845.9701,14885.4159,81.3309,0.5464,252020001.25,7776.0179010708
399001.SZ,2026-04-21,14982.1397,14920.3838,15017.7505,14774.0764,14966.7468,15.3929,0.1028,229945966.78,6862.0258893452
399001.SZ,2026-04-22,15177.2862,14897.9633,15182.8216,14897.9633,14982.1397,195.1465,1.3025,236137180.53,7589.537040825
399001.SZ,2026-04-23,15043.4494,15234.2164,15248.4311,14934.6762,15177.2862,-133.8368,-0.8818,254054688.54,8198.0200974596
399001.SZ,2026-04-24,14940.3003,14951.7408,15033.671,14795.2208,15043.4494,-103.1491,-0.6857,237387575.69,8145.2008965409
399001.SZ,2026-04-27,14995.7483,14960.024,15054.4595,14919.216,14940.3003,55.448,0.3711,236735350.02,7786.991901323299
399001.SZ,2026-04-28,14830.4552,14925.2171,14943.355,14772.4644,14995.7483,-165.2931,-1.1023,239113325.03,7381.474112116899
399001.SZ,2026-04-29,15120.9227,14751.4182,15139.7114,14751.4182,14830.4552,290.4675,1.9586,259770447.36,7789.478204957
399001.SZ,2026-04-30,15107.5532,15157.0678,15186.12,15044.8554,15120.9227,-13.3695,-0.0884,266766107.98,7816.8770567136
399001.SZ,2026-05-06,15459.6166,15323.1925,15534.6661,15254.9875,15107.5532,352.0634,2.3304,296238899.5,9480.9228767323
399001.SZ,2026-05-07,15641.8855,15541.2962,15652.582,15439.4844,15459.6166,182.2689,1.179,291709239.78,9358.7830683091
399001.SZ,2026-05-08,15563.7971,15520.3808,15639.3878,15466.8377,15641.8855,-78.0884,-0.4992,281110534.36,8716.4198278168
399001.SZ,2026-05-11,15899.302,15697.4401,15921.6522,15622.332,15563.7971,335.5049,2.1557,320659262.36,10315.3787968131
399001.SZ,2026-05-12,15824.9211,15952.7913,15952.7913,15711.2706,15899.302,-74.3809,-0.4678,288646744.7,9225.048241656199
399001.SZ,2026-05-13,16089.7491,15713.5418,16100.456,15713.5418,15824.9211,264.828,1.6735,280524370.53,9295.7815616553
399001.SZ,2026-05-14,15745.736,16202.2151,16207.7519,15745.736,16089.7491,-344.0131,-2.1381,300440514.75,9823.9005370875
399001.SZ,2026-05-15,15561.372,15753.192,15855.5536,15447.4004,15745.736,-184.364,-1.1709,299148939.72,9763.070445678199
399001.SZ,2026-05-18,15530.2295,15465.3016,15658.1113,15419.038,15561.372,-31.1425,-0.2001,254575048.52,8180.7835407848
399001.SZ,2026-05-19,15569.9072,15469.3597,15585.0358,15221.3497,15530.2295,39.6777,0.2555,257299360.1,8164.6294151675
399001.SZ,2026-05-20,15569.979,15487.4267,15622.2137,15426.3775,15569.9072,0.0718,0.0005,245674906.38,8180.6937874204
399001.SZ,2026-05-21,15247.2702,15707.9553,15894.3033,15232.5963,15569.979,-322.7088,-2.0726,318745844.48,9986.6299502491
399001.SZ,2026-05-22,15597.2969,15382.2934,15624.9708,15295.5662,15247.2702,350.0267,2.2957,307956818.95,8728.8469839427
399001.SZ,2026-05-25,15856.6102,15716.3889,15857.0813,15547.159,15597.2969,259.3133,1.6626,298504515.79,9517.6593324617
399001.SZ,2026-05-26,15876.1628,15786.8178,15894.5462,15662.1602,15856.6102,19.5526,0.1233,325397241.66,9948.8919734701
399001.SZ,2026-05-27,15736.4688,15868.902,16047.4067,15656.6511,15876.1628,-139.694,-0.8799,331195294.6,10165.792922486
399001.SZ,2026-05-28,15861.891,15691.1621,15889.8319,15504.7867,15736.4688,125.4222,0.797,291530393.84,8910.5433730265
399001.SZ,2026-05-29,15575.1338,15957.1152,15981.93,15492.8435,15861.891,-286.7572,-1.8078,332219228.88,9945.6391985227
399001.SZ,2026-06-01,15340.3562,15601.03,15717.4546,15316.0221,15575.1338,-234.7776,-1.5074,297417676.24,8771.3560025659
399001.SZ,2026-06-02,15591.1282,15410.7046,15664.3878,15203.7967,15340.3562,250.772,1.6347,276107452.22,8402.7455011042
399001.SZ,2026-06-03,15704.7108,15646.685,15962.3649,15542.6561,15591.1282,113.5826,0.7285,316955405.72,9694.010196015
399001.SZ,2026-06-04,15661.574,15540.0634,15745.1873,15517.935,15704.7108,-43.1368,-0.2747,280788311.35,8251.6601082847
399001.SZ,2026-06-05,15314.7002,15595.6953,15710.1435,15243.5062,15661.574,-346.8738,-2.2148,319370825.09,9475.9985607925
399001.SZ,2026-06-08,14821.1861,14835.3692,15137.7523,14681.642,15314.7002,-493.5141,-3.2225,305282710.86,8327.5557194421
399001.SZ,2026-06-09,15268.7147,14992.5473,15274.7164,14846.5535,14821.1861,447.5286,3.0195,274126203.31,8043.5203056789005
399001.SZ,2026-06-10,14954.1008,15062.5077,15149.3693,14817.1113,15268.7147,-314.6139,-2.0605,266202968.05,7475.4847218923
399001.SZ,2026-06-11,14851.9751,14889.5674,15062.7476,14706.0861,14954.1008,-102.1257,-0.6829,256206861.24,7425.9310215977
399001.SZ,2026-06-12,14963.4073,15149.5195,15171.2236,14943.4331,14851.9751,111.4322,0.7503,320014647.52,9471.543179897999
399001.SZ,2026-06-15,15531.1095,15153.1824,15531.1095,15055.9492,14963.4073,567.7022,3.7939,315250073.21,9749.3917240398
399001.SZ,2026-06-16,15675.2457,15584.3702,15761.0035,15537.5027,15531.1095,144.1362,0.928,295210505.06,10030.449630364099
399001.SZ,2026-06-17,15880.9507,15569.9231,15885.4916,15569.9231,15675.2457,205.705,1.3123,281815788.89,9824.6698978074
399001.SZ,2026-06-18,16030.7024,15826.7944,16104.7674,15825.3165,15880.9507,149.7517,0.943,325175628.83,10533.2463276243
399001.SZ,2026-06-22,16372.4987,16095.6286,16374.0199,15914.0516,16030.7024,341.7963,2.1321,367668659.04,12314.5541804261
399001.SZ,2026-06-23,15854.1963,16324.2424,16355.9517,15756.411,16372.4987,-518.3024,-3.1657,325766520.87,11038.674036503899
399001.SZ,2026-06-24,16051.3193,15782.3995,16068.4067,15730.1633,15854.1963,197.123,1.2433,319618332.54,10526.129882318
399001.SZ,2026-06-25,16344.0829,16099.7627,16359.6203,16058.8501,16051.3193,292.7636,1.8239,349452355.15,12104.4216180501
399001.SZ,2026-06-26,15782.2229,16211.4062,16215.4486,15728.8391,16344.0829,-561.86,-3.4377,365644475.55,11932.764960613898
399001.SZ,2026-06-29,15812.8707,15781.7861,15938.2318,15487.9244,15782.2229,30.6478,0.1942,338026072.53,11294.783080288
399001.SZ,2026-06-30,16205.5565,15811.6684,16232.2326,15809.651,15812.8707,392.6858,2.4833,317272721.7,10631.6986010347
399001.SZ,2026-07-01,16119.1683,16226.9742,16332.4801,15988.4171,16205.5565,-86.3882,-0.5331,368250001.08,11777.411661452501
399001.SZ,2026-07-02,15498.8101,15729.9232,15886.6985,15453.5201,16119.1683,-620.3582,-3.8486,368394781.23,11241.3169335263
399001.SZ,2026-07-03,15597.5116,15480.1174,15823.0538,15432.8927,15498.8101,98.7015,0.6368,318409357.8,10220.4058309437
399001.SZ,2026-07-06,15416.804,15677.933,15749.356,15288.4931,15597.5116,-180.7076,-1.1586,313119495.91,9787.977528646601
399001.SZ,2026-07-07,15225.1136,15345.393,15461.3666,15081.9231,15416.804,-191.6904,-1.2434,278538746.78,8279.3799936613
399001.SZ,2026-07-08,14939.7268,15269.8211,15292.1224,14907.6245,15225.1136,-285.3868,-1.8744,275370811.27,8439.9014412678
399001.SZ,2026-07-09,15398.7281,15038.4698,15419.1162,14781.2431,14939.7268,459.0013,3.0724,303196424.6,9856.2031767891
399001.SZ,2026-07-10,15046.6695,15480.4066,15581.9435,15046.6695,15398.7281,-352.0586,-2.2863,344817856.68,11441.214551020501
399001.SZ,2026-07-13,14522.8547,14908.9846,14997.0721,14437.0714,15046.6695,-523.8148,-3.4813,293238342.77,9044.601449927899
399001.SZ,2026-07-14,14924.8678,14532.3647,14924.8678,14338.357,14522.8547,402.0131,2.7681,280027607.75,9202.5297647781
399001.SZ,2026-07-15,14779.3965,14970.7702,15041.3297,14741.8006,14924.8678,-145.4713,-0.9747,275049564.89,8388.369135887999
399001.SZ,2026-07-16,14488.6541,14497.429,14780.4599,14386.414,14779.3965,-290.7424,-1.9672,258370677.87,7937.966637689199
399001.SZ,2026-07-17,13706.8841,14348.2151,14350.4678,13586.4888,14488.6541,-781.77,-5.3957,296374862.41,8743.384684
399001.SZ,2026-07-20,13610.2315,13869.0557,13972.9922,13342.9329,13706.8841,-96.6526,-0.7051,299525571.66,8655.4259367309
399001.SZ,2026-07-21,14264.2915,13656.0848,14264.7966,13364.4077,13610.2315,654.06,4.8056,329614472.21,9848.7454321771
399001.SZ,2026-07-22,14061.4353,14169.9711,14360.3658,13988.5055,14264.2915,-202.8562,-1.4221,280889700.62,9089.899106724
399001.SZ,2026-07-23,14123.307,14116.021,14203.6352,13991.8303,14061.4353,61.8717,0.44,239390600.83,7319.1070113492
399001.SZ,2026-07-24,13774.6755,13915.0375,14061.0272,13774.6755,14123.307,-348.6315,-2.4685,213396422.48,6225.8144610425
399001.SZ,2026-07-27,14148.7307,13768.603,14148.7307,13689.0143,13774.6755,374.0552,2.7155,205665016.72,6336.0727293739
399001.SZ,2026-07-28,13509.6787,13830.3499,13940.9919,13470.1139,14148.7307,-639.052,-4.5167,201617485.65,6587.2365280338
399001.SZ,2026-07-29,13658.4438,13498.7528,13756.7102,13267.6402,13509.6787,148.7651,1.1012,252524611.84,7476.8548517176
399001.SZ,2026-07-30,13285.8006,13531.0698,13619.0323,13068.5575,13658.4438,-372.6432,-2.7283,264774829.92,7788.915070765801
399001.SZ,2026-07-31,13578.9301,13689.995,13841.9568,13578.9301,13285.8006,293.1295,2.2063,283529118.25,8496.9778799346
399001.SZ,2026-08-03,13448.2888,13497.1043,13570.5113,13407.9897,13578.9301,-130.6413,-0.9621,237397543.76,6208.2528543648
399001.SZ,2026-08-04,13885.7113,13572.9509,13936.5173,13537.7632,13448.2888,437.4225,3.2526,252805937.24,7202.1761621191
399001.SZ,2026-08-05,14144.2045,13644.8347,14246.3833,13644.8347,13885.7113,258.4932,1.8616,290443486.77,8960.7185268609
399001.SZ,2026-08-06,14110.1208,13981.4431,14252.1394,13922.4057,14144.2045,-34.0837,-0.241,270815298.61,8014.925987397701
399001.SZ,2026-08-07,14311.0078,14152.7826,14396.0749,14049.3419,14110.1208,200.887,1.4237,269966196.36,8732.5868241163
399001.SZ,2026-08-10,14316.9612,14348.9506,14373.7724,14102.6559,14311.0078,5.9534,0.0416,243874178.99,7907.9019308282
399001.SZ,2026-08-11,14259.4404,14266.4421,14447.0978,14201.2932,14316.9612,-57.5208,-0.4018,229211600.65,7048.6876578296005
399001.SZ,2026-08-12,14414.4267,14253.1194,14467.0033,14237.1957,14259.4404,154.9863,1.0869,210564657.41,6452.446168686301
399001.SZ,2026-08-13,14289.4424,14536.4792,14584.2998,14289.0104,14414.4267,-124.9843,-0.8671,259630139.39,7813.2864345719
399001.SZ,2026-08-14,14354.3052,14335.4096,14384.1781,14203.9949,14289.4424,64.8628,0.4539,210371989.46,6176.9924385095
399001.SZ,2026-08-17,14704.2749,14399.1983,14704.5508,14348.4674,14354.3052,349.9697,2.4381,219717354.24,7230.7755697764005
399001.SZ,2026-08-18,14622.4951,14692.0295,14733.9041,14459.7184,14704.2749,-81.7798,-0.5562,233685439.76,6984.3825249447
399001.SZ,2026-08-19,13890.1523,14316.9799,14367.3724,13842.3198,14622.4951,-732.3428,-5.0083,243453962.81,7351.3180565698
399001.SZ,2026-08-20,13972.7807,14032.9668,14101.1402,13870.1765,13890.1523,82.6284,0.5949,199951423.03,5799.5857987062
399001.SZ,2026-08-21,14094.1681,13935.6374,14132.0408,13866.3937,13972.7807,121.3874,0.8687,182822177.7,5577.0413631038
399001.SZ,2026-08-24,13794.2886,14118.0201,14118.1456,13616.7519,14094.1681,-299.8795,-2.1277,200800805.69,5956.7223801929995
399001.SZ,2026-08-25,13745.869,13683.9056,13848.4043,13568.5071,13794.2886,-48.4196,-0.351,183375117.89,5056.4362646636
399001.SZ,2026-08-26,13841.3268,13761.3579,13948.6866,13714.054,13745.869,95.4578,0.6944,188410999.79,4972.4086542101
399001.SZ,2026-08-27,14048.8758,13876.7946,14049.9881,13808.6152,13841.3268,207.549,1.4995,206098147.29,6060.2821596477
399001.SZ,2026-08-28,13953.0656,14019.2769,14148.684,13949.6177,14048.8758,-95.8102,-0.682,206081925.13,6113.8190214055
399001.SZ,2026-08-31,14014.9971,13764.4099,14014.9971,13740.7363,13953.0656,61.9315,0.4439,223981296.97,5982.065012055399
399001.SZ,2026-09-01,13872.3772,14017.4177,14018.5058,13845.5549,14014.9971,-142.6199,-1.0176,221774530.57,5743.6398780731
399001.SZ,2026-09-02,13611.5472,13732.1761,13732.1761,13549.7694,13872.3772,-260.83,-1.8802,186953044.94,4864.6338743147
399001.SZ,2026-09-03,13625.1217,13711.0705,13742.8859,13531.5303,13611.5472,13.5745,0.0997,174293446.39,4553.7170760799
399001.SZ,2026-09-04,13516.9688,13725.6503,13798.3581,13448.7926,13625.1217,-108.1529,-0.7938,219193518.0,5513.4598435692
399001.SZ,2026-09-07,13774.9146,13605.0219,13811.2575,13590.824,13516.9688,257.9458,1.9083,184913016.9,5668.533275305999
399001.SZ,2026-09-08,13703.2081,13782.8613,13843.9226,13655.8354,13774.9146,-71.7065,-0.5206,186278808.28,5303.0421034689
399001.SZ,2026-09-09,13723.322,13788.9426,13788.9426,13625.1192,13703.2081,20.1139,0.1468,172905735.43,4828.50904446
399001.SZ,2026-09-10,13617.6698,13641.1802,13713.8749,13585.5977,13723.322,-105.6522,-0.7699,154674468.61,4207.3969480484
399001.SZ,2026-09-11,13471.2565,13483.6283,13522.3023,13263.3457,13617.6698,-146.4133,-1.0752,197878471.85,5274.275180735
399001.SZ,2026-09-14,13384.5683,13333.069,13502.2512,13288.8325,13471.2565,-86.6882,-0.6435,143064229.52,4198.071706852
399001.SZ,2026-09-15,13287.9737,13362.1744,13484.0014,13273.3135,13384.5683,-96.5946,-0.7217,138335714.96,4087.5817669118
399001.SZ,2026-09-16,13454.7433,13276.8531,13482.9834,13185.8273,13287.9737,166.7696,1.255,161603670.05,5072.775849891
399001.SZ,2026-09-17,13409.9079,13409.883,13553.5945,13374.0403,13454.7433,-44.8354,-0.3332,170422315.75,4823.8614313548
399001.SZ,2026-09-18,13640.8728,13563.7383,13689.3603,13470.7657,13409.9079,230.9649,1.7223,188395738.03,5658.1540656449
399001.SZ,2026-09-21,13730.0202,13716.2225,13778.9978,13643.9499,13640.8728,89.1474,0.6535,193125547.27,5437.6581932098
399001.SZ,2026-09-22,13723.7354,13858.6206,13914.206,13691.0851,13730.0202,-6.2848,-0.0458,197980724.72,5686.2921283355
399001.SZ,2026-09-23,13636.0742,13742.5464,13742.5464,13617.0477,13723.7354,-87.6612,-0.6388,168415297.4,4221.3827935717
399001.SZ,2026-09-24,13316.9689,13575.0702,13577.8578,13316.9689,13636.0742,-319.1053,-2.3402,150558375.89,4023.4931648117
399001.SZ,2026-09-28,12858.7532,13265.7863,13267.6506,12801.2023,13316.9689,-458.2157,-3.4408,159972012.19,4427.2715812377
399001.SZ,2026-09-29,12901.9474,12839.6115,12955.2537,12831.8729,12858.7532,43.1942,0.3359,137716519.83,3497.1736579053004
399001.SZ,2026-09-30,12887.6198,12958.0848,12966.45,12854.7769,12901.9474,-14.3276,-0.111,148547929.07,3572.8148547688
