日期,主力净流入-净额,超大单净流入-净额,大单净流入-净额,中单净流入-净额,小单净流入-净额
20260918,4199436.56,3603094.42,596342.1400000001,-2478925.5,-1673903.8299999998
20260921,1135975.9599999995,1237244.56,-101268.60000000021,-1462836.6800000002,368941.99000000005
20260922,-2847115.99,-625061.6100000001,-2222054.38,-684030.5500000003,3397285.4699999997
20260923,-3778905.5100000002,-1439886.46,-2339019.0500000003,171355.4599999999,3588003.4800000004
20260924,-6362556.039999999,-3567219.619999999,-2795336.42,1406426.83,4798487.39
20260928,-8893117.86,-5915007.28,-2978110.58,2273060.87,6499674.6
20260929,765088.3899999997,795711.2400000001,-30622.85000000015,-1241250.2999999998,425448.5300000001
20260930,-1159858.1900000002,-456906.73000000004,-702951.46,-232985.93999999994,1356711.1099999999
20261008,-4715087.57,-2385045.9699999997,-2330041.6,1241779.5400000003,3371178.3099999996
20261009,-1581035.5399999998,-827992.6299999999,-753042.91,-390411.45,2008157.0099999995
