trade_date,ggt_ss,ggt_sz,hgt,sgt,north_money,south_money
20261009,32431.03,23013.66,141683.19,155052.16,296735.35,55444.69
20261008,32454.34,22987.44,134535.72,142619.39,277155.11,55441.78
20260930,32415.98,22961.03,101257.88,106683.74,207941.62,55377.01
20260929,32365.04,22943.34,103258.29,109657.76,212916.05,55308.37
20260928,32341.9,22966.33,124113.01,136389.08,260502.09,55308.23
20260924,32359.28,23014.49,113943.72,118568.27,232511.99,55373.77
20260923,32328.29,23016.48,114560.67,121944.6,236505.27,55344.77
20260922,32284.05,23026.23,141255.33,149894.55,291149.88,55310.28
20260921,32196.94,22986.44,133832.25,150079.61,283911.86,55183.37
20260918,32165.76,22976.88,161171.29,172753.06,333924.35,55142.63
20260917,32165.59,22965.11,120233.94,139631.89,259865.83,55130.7
20260916,32140.56,22956.5,122957.8,141280.72,264238.52,55097.07
20260915,32113.87,22962.2,107092.06,122612.63,229704.69,55076.07
20260914,32105.83,22961.44,112101.7,126383.32,238485.02,55067.27
20260911,32089.12,22933.43,142256.09,149063.55,291319.64,55022.55
20260910,32057.2,22921.04,103481.48,120209.03,223690.51,54978.24
20260909,32014.6,22918.14,114491.12,131594.78,246085.9,54932.73
