code,name
920202,安达股份
920025,凯达重工
001246,力勤资源
920229,世纪数码
301716,C鸿富诚
920201,百瑞吉
301686,中塑股份
920298,腾信精密
601091,沈鼓集团
920268,百迈科
688837,信诺维
688801,燧原科技
920269,杰锋动力
920289,华汇智能
301689,电科思仪
920071,金钛股份
603448,天博智能
301699,洛轴股份
920288,华大海天
601123,马矿股份
920093,信胜科技
301697,贝特利
920059,双英集团
688835,高凯技术
301688,格林生物
920107,恒兴股份
920138,杰理科技
688836,宇树科技
301655,绿控传动
688826,频准激光
920165,珈凯生物
920038,森合高科
688828,国仪公司
301717,超纯应材
920258,聚仁新材
920065,千岸科技
301707,展芯股份
603468,津富士达
001232,嘉立创
920238,长鹰硬科
301677,欣兴工具
920176,维琪科技
688825,长鑫科技
920079,乔路铭
920117,龙鑫智能
688806,泰诺麦博
920081,欧伦电气
920189,康美特
920136,永励精密
301583,托伦斯
920222,益坤电气
920193,吉和昌
001248,华润新能源
920072,科莱瑞迪
001399,惠科股份
688797,臻宝科技
920220,朗信电气
920218,新天力
920211,新睿电子
920206,彩客科技
920200,振宏股份
920191,瑞尔竞达
920188,悦龙科技
920187,通领科技
920186,中科仪
920183,海菲曼
920181,赛英电子
920180,爱得科技
920178,锐翔智能
920177,恒道科技
920168,通宝光电
920166,海圣医疗
920161,龙辰科技
920159,农大科技
920156,海昌智能
920126,永大股份
920125,鸿仕达
920119,美德乐
920096,嘉晨智能
920083,金戈新材
920078,族兴新材
920069,普昂医疗
920055,隆源股份
920036,觅睿科技
920028,新恒泰
920012,创达新材
920011,晨光电机
688820,盛合晶微
688818,电科蓝天
688816,易思维
688813,泰金新能
688811,有研复材
688808,联讯仪器
688785,恒运昌
688781,视涯科技
688712,北芯生命
688635,长进光子
603459,红板科技
603435,嘉德利
603407,长裕集团
603293,埃泰克
603284,林平发展
601112,振石股份
301696,三瑞智能
301683,慧谷新材
301682,宏明电子
301680,固德电材
301669,高特电子
301666,大普微
301599,理奇智能
301531,春光集团
301513,尚水智能
001393,维通利
001365,天海电子
001312,福恩股份
001257,盛龙股份
001237,惠康科技
001220,世盟股份
689009,九号公司
920992,中科美菱
920985,海泰新能
920982,锦波生物
920981,晶赛科技
920978,开特股份
920976,视声智能
920974,凯大催化
920971,天马新材
920970,大禹生物
920964,润农节水
920961,创远信科
920957,汉维科技
920953,国子软件
920950,迅安科技
920946,森萱医药
920943,优机股份
920942,恒立钻具
920932,科达自控
920931,无锡鼎邦
920926,鸿智科技
920925,锦好医疗
920924,广脉科技
920914,远航精密
920906,舜宇精工
920896,旺成科技
920895,花溪科技
920892,广咨国际
920885,星辰科技
920879,基康技术
920876,慧为智能
920873,中设咨询
920871,派特尔
920870,恒进感应
920866,绿亨科技
920857,泓禧科技
920856,浩淼科技
920855,浙江大农
920839,万通液压
920837,华原股份
920834,三维装备
920833,美心翼申
920832,齐鲁华信
920826,盖世食品
920821,则成电子
920819,颖泰生物
920810,春光智能
920809,安达科技
920808,曙光数创
920807,奔朗新材
920806,云星宇
920802,保丽洁
920799,艾融软件
920792,东和新材
920790,联迪信息
920786,骑士乳业
920781,瑞奇智造
920779,武汉蓝电
920770,艾能聚
920768,拾比佰
920765,美之高
920753,天纺标
920751,惠同新材
920748,路桥信息
920735,德源药业
920729,永顺生物
920726,朱老六
920725,惠丰钻石
920720,吉冈精密
920719,宁新新材
920718,合肥高科
920717,瑞星股份
920706,铁拓机械
920703,广厦环能
920701,豪声电子
920699,海达尔
920694,中裕科技
920693,阿为特
920690,捷众科技
920689,克莱特
920685,新芝生物
920682,球冠电缆
920679,前进科技
920675,秉扬科技
920670,数字人
920665,科强股份
920663,明阳科技
920662,方盛股份
920656,海昇药业
920651,天罡股份
920642,通易航天
920641,格利尔
920640,富士达
920639,晨光电缆
920634,新威凌
920627,力王股份
920608,丰安股份
920599,同力股份
920593,鼎智科技
920592,华信永道
920580,科创新材
920579,机科股份
920578,巨能股份
920576,天力复合
920575,*ST康乐
920571,国航远洋
920570,坤博精工
920566,梓橦宫
920564,天润科技
920556,雅达股份
920553,凯腾精工
920547,无锡晶海
920541,铁大科技
920533,骏创科技
920527,夜光明
920526,凯华材料
920523,德瑞锂电
920522,纳科诺尔
920519,万德股份
920510,丰光精密
920509,同惠电子
920508,殷图网联
920505,九菱科技
920504,博迅生物
920496,许昌智能
920493,并行科技
920491,奥迪威
920489,佳先股份
920478,峆一药业
920476,海能技术
920475,三友科技
920471,美邦科技
920469,富恒新材
920455,汇隆活塞
920454,同心传动
920445,龙竹科技
920438,戈碧迦
920436,大地电气
920433,大唐药业
920429,康比特
920427,华维设计
920425,乐创技术
920422,润普食品
920419,路斯股份
920418,苏轴股份
920415,恒拓开源
920414,欧普泰
920407,驰诚股份
920405,海希通讯
920403,康农种业
920402,硅烷科技
920396,常辅股份
920395,朗鸿科技
920394,民士达
920392,佳合科技
920378,泰德股份
920375,派诺科技
920374,云里物里
920371,欧福蛋业
920370,新安洁
920368,连城数控
920367,新赣江
920363,莱赛激光
920357,雅葆轩
920351,华光源海
920346,威贸电子
920344,三元基因
920339,恒太照明
920304,迪尔化工
920300,辰光医疗
920299,灿能电力
920284,灵鸽科技
920278,鹿得医疗
920275,驱动力
920274,宏裕包材
920273,一致魔芋
920271,邦德股份
920270,天铭科技
920267,鑫汇科
920266,生物谷
920263,中航泰达
920262,太湖雪
920261,一诺威
920260,中寰股份
920252,天宏锂电
920249,利尔达
920247,华密新材
920245,威博液压
920242,建邦科技
920239,长虹能源
920237,力佳科技
920230,欧康医药
920227,美登科技
920225,利通科技
920223,荣亿精密
920221,易实精密
920212,智新电子
920208,青矩技术
920207,众诚科技
920204,沪江材料
920199,倍益康
920198,微创光电
920195,三祥科技
920190,雷神科技
920185,贝特瑞
920184,国源科技
920179,凯德石英
920175,东方碳素
920174,五新智能
920171,志晟信息
920169,七丰精工
920167,同享科技
920163,方大新材
920160,北矿检测
920158,长江能科
920152,昆工科技
920149,旭杰科技
920146,华阳变速
920145,恒合股份
920139,华岭股份
920132,泰鹏智能
920130,立方控股
920128,胜业电气
920124,南特科技
920123,芭薇股份
920122,中纺标
920121,江天科技
920118,太湖远大
920116,星图测控
920112,巴兰仕
920111,聚星科技
920110,雷特科技
920108,宏海科技
920106,林泰新材
920101,志高机械
920100,三协电机
920099,瑞华技术
920098,科隆新材
920092,汉鑫科技
920091,大鹏工业
920090,*ST同辉
920089,禾昌聚合
920088,科力股份
920087,秋乐种业
920086,科马材料
920082,方正阀门
920080,奥美森
920077,吉林碳谷
920076,国亮新材
920075,柏星龙
920068,天工股份
920066,科拜尔
920062,科润智控
920061,西磁科技
920060,万源通
920058,华洋赛车
920057,百甲科技
920056,能之光
920050,爱伦医疗
920047,诺思兰德
920046,亿能电力
920045,蘅东光
920039,国义招标
920037,广信科技
920035,精创电气
920033,康普化学
920030,德众汽车
920029,开发科技
920027,交大铁发
920026,卓兆点胶
920023,*ST田野
920022,世昌股份
920021,流金科技
920020,泰凯英
920019,铜冠矿建
920018,宏远股份
920017,星昊医药
920016,中草香料
920015,锦华新材
920014,特瑞斯
920010,凯添燃气
920009,丹娜生物
920008,成电光信
920007,酉立智能
920006,晟楠科技
920005,鼎佳精密
920003,中诚咨询
920002,万达轴承
920001,纬达光电
920000,安徽凤凰
688981,中芯国际
688819,天能股份
688809,强一股份
688807,优迅股份
688805,健信超导
688802,沐曦股份
688800,瑞可达
688799,华纳药厂
688798,艾为电子
688796,百奥赛图
688795,摩尔线程
688793,倍轻松
688790,昂瑞微
688789,宏华数科
688788,科思科技
688787,海天瑞声
688786,悦安新材
688783,西安奕材
688779,五矿新能
688778,厦钨新能
688777,中控技术
688776,国光电气
688775,影石创新
688772,珠海冠宇
688768,容知日新
688767,博拓生物
688766,普冉股份
688765,禾元生物
688759,必贝特
688758,赛分科技
688757,胜科纳米
688755,汉邦科技
688750,金天钛业
688739,成大生物
688737,中自科技
688733,壹石通
688729,屹唐股份
688728,格科微
688727,恒坤新材
688726,拉普拉斯
688722,同益中
688721,龙图光罩
688720,艾森股份
688719,爱科赛博
688718,唯赛勃
688717,艾罗能源
688716,中研股份
688711,宏微科技
688710,益诺思
688709,成都华微
688708,佳驰科技
688707,振华新材
688702,盛科通信
688701,卓锦股份
688700,东威科技
688699,明微电子
688698,伟创电气
688697,纽威数控
688696,极米科技
688695,中创股份
688693,锴威特
688692,达梦数据
688691,灿芯股份
688690,纳微科技
688689,银河微电
688687,凯因科技
688686,奥普特
688685,迈信林
688683,莱尔科技
688682,霍莱沃
688681,科汇股份
688680,海优新材
688679,通源环境
688678,福立旺
688677,海泰新光
688676,金盘科技
688671,碧兴物联
688670,金迪克
688669,聚石化学
688668,鼎通科技
688667,菱电电控
688665,四方光电
688663,新风光
688662,富信科技
688661,和林微纳
688660,电气风电
688659,元琛科技
688658,悦康药业
688657,浩辰软件
688656,浩欧博
688655,迅捷兴
688653,康希通信
688652,京仪装备
688651,盛邦安全
688648,中邮科技
688646,逸飞激光
688639,华恒生物
688638,誉辰智能
688636,智明达
688633,星球石墨
688631,莱斯信息
688630,芯碁微装
688629,华丰科技
688628,优利德
688627,精智达
688626,翔宇医疗
688625,呈和科技
688623,双元科技
688622,*ST禾信
688621,阳光诺和
688620,安凯微
688619,罗普特
688618,三旺通信
688617,惠泰医疗
688616,西力科技
688615,合合信息
688613,奥精医疗
688612,威迈斯
688611,杭州柯林
688610,埃科光电
688609,九联科技
688608,恒玄科技
688607,康众科技
688606,奥泰生物
688605,先锋精科
688603,天承科技
688602,康鹏科技
688601,力芯微
688600,皖仪科技
688599,天合光能
688598,金博股份
688597,煜邦电力
688596,正帆科技
688595,芯海科技
688593,新相微
688592,司南导航
688591,泰凌微
688590,新致软件
688589,力合微
688588,凌志软件
688586,江航装备
688585,上纬新材
688584,上海合晶
688583,思看科技
688582,芯动联科
688581,安杰思
688580,伟思医疗
688579,地纬智能
688578,艾力斯
688577,浙海德曼
688576,西山科技
688575,亚辉龙
688573,信宇人
688571,杭华股份
688570,天玛智控
688569,铁科轨道
688568,中科星图
688567,孚能科技
688566,吉贝尔
688565,力源科技
688563,航材股份
688562,航天软件
688561,奇安信
688560,明冠新材
688559,海目星
688558,国盛智科
688557,兰剑智能
688556,高测股份
688553,汇宇制药
688552,航天南湖
688551,科威尔
688550,瑞联新材
688549,中巨芯
688548,广钢气体
688545,兴福电子
688543,国科军工
688539,高华科技
688538,和辉光电
688536,思瑞浦
688535,华海诚科
688533,上声电子
688531,日联科技
688530,欧莱新材
688529,豪森智能
688528,秦川物联
688526,科前生物
688525,佰维存储
688523,航天环宇
688522,纳睿雷达
688521,芯原股份
688520,神州细胞
688519,南亚新材
688518,联赢激光
688517,金冠电气
688516,奥特维
688515,裕太微
688513,苑东生物
688512,慧智微
688511,天微电子
688510,航亚科技
688509,正元地信
688508,芯朋微
688507,索辰科技
688506,百利天恒
688505,复旦张江
688503,聚和材料
688502,茂莱光学
688501,青达环保
688500,慧辰股份
688499,利元亨
688498,源杰科技
688496,*ST清越
688489,三未信安
688488,艾迪药业
688486,龙迅股份
688485,九州一轨
688484,南芯科技
688480,赛恩斯
688479,友车科技
688478,晶升股份
688475,萤石网络
688472,阿特斯
688469,芯联集成
688468,科美诊断
688466,金科环境
688459,哈铁科技
688458,美芯晟
688456,有研粉材
688455,科捷智能
688450,光格科技
688449,联芸科技
688448,磁谷科技
688443,智翔金泰
688439,振华风光
688435,英方软件
688433,华曙高科
688432,有研硅
688429,时创能源
688428,诺诚健华
688426,康为世纪
688425,铁建重工
688420,美腾科技
688419,耐科装备
688418,震有科技
688416,恒烁股份
688411,海博思创
688410,山外山
688409,富创精密
688408,中信博
688403,汇成股份
688401,路维光电
688400,凌云光
688399,硕世生物
688398,赛特新材
688396,华润微
688395,正弦电气
688393,安必平
688392,骄成超声
688391,钜泉科技
688390,固德威
688389,普门科技
688388,嘉元科技
688387,信科移动
688386,泛亚微透
688385,复旦微电
688383,新益昌
688382,益方生物
688381,帝奥微
688380,中微半导
688379,华光新材
688378,奥来德
688377,迪威尔
688376,美埃科技
688375,国博电子
688373,盟科药业
688372,伟测科技
688371,菲沃泰
688370,丛麟科技
688369,致远互联
688368,晶丰明源
688367,工大高科
688366,昊海生科
688365,光云科技
688363,华熙生物
688362,甬矽电子
688361,中科飞测
688360,德马科技
688359,三孚新科
688358,祥生医疗
688357,建龙微纳
688356,键凯科技
688355,明志科技
688353,华盛锂电
688352,颀中科技
688351,微电生理
688350,富淼科技
688349,三一重能
688348,昱能科技
688347,华虹宏力
688345,博力威
688343,云天励飞
688339,亿华通
688338,赛科希德
688337,普源精电
688336,三生国健
688335,复洁科技
688334,西高院
688333,铂力特
688332,中科蓝讯
688331,荣昌生物
688330,宏力达
688329,艾隆科技
688328,深科达
688327,云从科技
688326,经纬恒润
688325,赛微微电
688323,瑞华泰
688322,奥比中光
688321,微芯生物
688320,禾川科技
688319,欧林生物
688318,财富趋势
688317,之江生物
688316,青云科技
688315,诺禾致源
688314,康拓医疗
688313,仕佳光子
688312,燕麦科技
688311,盟升电子
688310,迈得医疗
688309,恒誉科技
688308,欧科亿
688307,中润光学
688306,均普智能
688305,科德数控
688303,大全能源
688302,海创药业
688301,奕瑞科技
688300,联瑞新材
688299,长阳科技
688298,东方生物
688297,中无人机
688296,和达科技
688295,中复神鹰
688293,奥浦迈
688292,浩瀚深度
688291,金橙子
688290,景业智能
688289,圣湘生物
688288,鸿泉技术
688286,敏芯股份
688285,高铁电气
688283,坤恒顺维
688282,理工导航
688281,华秦科技
688280,精进电动
688279,峰岹科技
688278,特宝生物
688277,天智航
688276,百克生物
688275,万润新能
688273,麦澜德
688272,富吉瑞
688271,联影医疗
688270,ST臻镭
688269,凯立新材
688268,华特气体
688267,中触媒
688266,泽璟制药
688265,南模生物
688262,国芯科技
688261,东微半导
688260,昀冢科技
688259,创耀科技
688258,卓易信息
688257,新锐股份
688256,寒武纪
688255,凯尔达
688253,英诺特
688252,天德钰
688251,井松智能
688249,晶合集成
688248,南网科技
688247,宣泰医药
688246,嘉和美康
688244,永信至诚
688239,航宇科技
688238,和元生物
688237,超卓航科
688236,春立医疗
688235,百济神州
688234,天岳先进
688233,神工股份
688232,新点软件
688231,隆达股份
688230,芯导科技
688229,博睿数据
688228,开普云
688227,品高股份
688226,威腾电气
688225,亚信安全
688223,晶科能源
688222,成都先导
688221,前沿生物
688220,翱捷科技
688219,会通股份
688218,江苏北人
688217,睿昂基因
688216,气派科技
688215,瑞晟智能
688213,思特威
688212,澳华内镜
688211,中科微至
688210,统联精密
688209,英集芯
688208,道通科技
688207,格灵深瞳
688206,概伦电子
688205,德科立
688203,海正生材
688202,美迪西
688201,ST信安
688200,华峰测控
688199,久日新材
688198,佰仁医疗
688197,首药控股
688196,卓越新能
688195,腾景科技
688193,仁度生物
688192,迪哲医药
688191,智洋创新
688190,云路股份
688189,ST南新
688188,柏楚电子
688187,时代电气
688186,广大特材
688185,康希诺
688184,ST帕瓦
688183,生益电子
688182,灿勤科技
688181,八亿时空
688180,君实生物
688179,阿拉丁
688178,万德斯
688177,百奥泰
688176,亚虹医药
688175,高凌信息
688173,希荻微
688172,燕东微
688171,纬德信息
688170,德龙激光
688169,石头科技
688168,安博通
688167,炬光科技
688166,博瑞医药
688165,埃夫特
688163,赛伦生物
688162,巨一科技
688161,威高骨科
688160,步科股份
688159,有方科技
688158,优刻得
688157,松井股份
688156,路德科技
688155,先惠技术
688153,唯捷创芯
688152,麒麟信安
688151,华强科技
688150,莱特光电
688148,芳源股份
688147,微导纳米
688146,中船特气
688143,长盈通
688141,杰华特
688139,海尔生物
688138,清溢光电
688137,近岸蛋白
688136,科兴制药
688135,利扬芯片
688133,泰坦科技
688132,邦彦技术
688131,皓元医药
688130,晶华微
688129,东来技术
688128,中国电研
688127,蓝特光学
688126,沪硅产业
688125,安达智能
688123,聚辰股份
688122,西部超导
688121,*ST卓然
688120,华海清科
688119,中钢洛耐
688118,普元信息
688117,圣诺生物
688116,天奈科技
688115,思林杰
688114,华大智造
688113,联测科技
688112,鼎阳科技
688111,金山办公
688110,东芯股份
688109,品茗科技
688108,赛诺医疗
688107,安路科技
688106,金宏气体
688105,诺唯赞
688103,国力电子
688102,斯瑞新材
688101,三达膜
688100,威胜信息
688099,晶晨股份
688098,申联生物
688097,博众精工
688096,京源环保
688095,福昕软件
688093,世华科技
688092,爱科科技
688091,上海谊众
688090,瑞松科技
688089,ST嘉必优
688088,虹软科技
688087,英科再生
688085,三友医疗
688084,晶品特装
688083,中望软件
688082,盛美上海
688081,兴图新科
688080,映翰通
688079,美迪凯
688078,龙软科技
688077,大地熊
688076,ST诺泰
688075,安旭生物
688073,毕得医药
688072,拓荆科技
688071,华依科技
688070,纵横股份
688069,德林海
688068,热景生物
688067,爱威科技
688066,*ST航图
688065,凯赛生物
688063,派能科技
688062,迈威生物
688061,灿瑞科技
688060,云涌科技
688059,华锐精密
688058,宝兰德
688057,金达莱
688056,莱伯泰科
688055,龙腾光电
688053,ST思科瑞
688052,纳芯微
688051,佳华科技
688050,爱博医疗
688049,炬芯科技
688048,长光华芯
688047,龙芯中科
688046,药康生物
688045,必易微
688041,海光信息
688039,当虹科技
688038,中科通达
688037,芯源微
688036,传音控股
688035,德邦科技
688033,*ST天宜
688032,禾迈股份
688031,星环科技
688030,山石网科
688029,南微医学
688028,沃尔德
688027,国盾量子
688026,洁特生物
688025,杰普特
688023,安恒信息
688022,ST瀚川
688021,奥福科技
688020,方邦股份
688019,安集科技
688018,乐鑫科技
688017,绿的谐波
688016,心脉医疗
688015,交控科技
688013,天臣医疗
688012,中微公司
688011,新光光电
688010,福光股份
688009,中国通号
688008,澜起科技
688007,光峰科技
688006,杭可科技
688005,容百科技
688004,博汇科技
688003,天准科技
688002,睿创微纳
688001,华兴源创
605599,菜百股份
605598,上海港湾
605589,圣泉集团
605588,冠石科技
605580,恒盛能源
605577,龙版传媒
605567,春雪食品
605566,福莱蒽特
605555,德昌股份
605507,国邦医药
605500,森林包装
605499,东鹏饮料
605488,福莱新材
605399,晨光新材
605398,新炬网络
605389,长龄液压
605388,均瑶健康
605378,野马电池
605377,华旺科技
605376,博迁新材
605369,拱东医疗
605368,蓝天燃气
605366,宏柏新材
605365,立达信
605358,立昂微
605339,南侨食品
605338,巴比食品
605337,李子园
605336,*ST帅电
605333,沪光股份
605319,无锡振华
605318,法狮龙
605305,中际联合
605303,园林股份
605300,佳禾食品
605299,舒华体育
605298,必得科技
605296,神农集团
605289,罗曼股份
605288,凯迪股份
605287,德才股份
605286,同力天启
605277,新亚电子
605268,王力安防
605266,健之佳
605259,绿田机械
605258,协和电子
605255,天普股份
605228,神通科技
605222,起帆电缆
605218,伟时电子
605208,永茂泰
605199,ST葫芦娃
605198,安德利
605196,华通线缆
605189,富春染织
605188,国光连锁
605186,健麾信息
605183,确成股份
605180,华生科技
605179,一鸣食品
605178,时空科技
605177,东亚药业
605169,洪通燃气
605168,三人行
605167,利柏特
605166,聚合顺
605162,新中港
605158,华达新材
605155,西大门
605151,西上海
605138,盛泰集团
605136,丽人丽妆
605133,嵘泰股份
605128,上海沿浦
605123,派克新材
605122,四方新材
605118,力鼎光电
605117,德业股份
605116,奥锐特
605111,新洁能
605108,同庆楼
605100,华丰股份
605099,共创草坪
605098,行动教育
605090,九丰能源
605089,味知香
605088,冠盛股份
605086,龙高股份
605080,浙江自然
605077,华康股份
605069,正和生态
605068,明新旭腾
605066,天正电气
605060,联德股份
605058,澳弘电子
605056,咸亨国际
605055,迎丰股份
605050,福然德
605033,美邦股份
605028,世茂能源
605020,永和股份
605018,长华集团
605016,百龙创园
605011,杭州热电
605009,豪悦护理
605008,长鸿高科
605007,五洲特纸
605006,山东玻纤
605005,合兴股份
605003,众望布艺
605001,威奥股份
603999,读者传媒
603998,方盛制药
603997,继峰股份
603995,甬金股份
603993,洛阳钼业
603992,松霖科技
603991,领先股份
603990,麦迪科技
603989,艾华集团
603988,中电电机
603987,康德莱
603986,兆易创新
603985,恒润股份
603983,丸美生物
603982,泉峰汽车
603980,吉华集团
603979,金诚信
603978,深圳新星
603977,国泰集团
603976,正川股份
603970,中农立华
603969,银龙股份
603968,醋化股份
603967,中创物流
603966,法兰泰克
603960,克来机电
603959,ST百利
603958,哈森股份
603956,威派格
603955,大千生态
603950,长源东谷
603949,雪龙集团
603948,建业股份
603939,益丰药房
603938,三孚股份
603937,丽岛新材
603936,博敏电子
603933,睿能科技
603931,格林达
603929,亚翔集成
603928,兴业股份
603927,中科软
603926,铁流股份
603922,ST金鸿顺
603920,世运电路
603919,金徽酒
603918,金桥信息
603917,合力科技
603916,苏博特
603915,国茂股份
603912,佳力图
603909,建发合诚
603908,牧高笛
603906,龙蟠科技
603903,中持股份
603901,永创智能
603900,莱绅通灵
603899,晨光股份
603898,好莱客
603897,长城科技
603896,寿仙谷
603895,天永智能
603893,瑞芯微
603890,春秋电子
603889,新澳股份
603888,新华网
603887,城地香江
603886,元祖股份
603885,吉祥航空
603883,老百姓
603882,金域医学
603881,数据港
603880,南卫股份
603879,永悦科技
603878,武进不锈
603877,太平鸟
603876,鼎胜新材
603871,嘉友国际
603869,ST智知
603868,飞科电器
603867,新化股份
603866,桃李面包
603863,松炀资源
603861,白云电器
603860,中公高科
603859,能科科技
603858,步长制药
603856,东宏股份
603855,华荣股份
603848,好太太
603843,*ST正平
603839,安正时尚
603838,*ST四通
603836,海程邦达
603833,欧派家居
603829,洛凯股份
603828,*ST利达
603826,坤彩科技
603825,ST华扬
603823,百合花
603822,ST嘉澳
603819,神力股份
603818,曲美家居
603817,海峡环保
603816,顾家家居
603815,交建股份
603813,原尚股份
603811,诚意药业
603810,丰山集团
603809,豪能股份
603808,歌力思
603806,福斯特
603803,瑞斯康达
603801,志邦家居
603800,洪田股份
603799,华友钴业
603798,康普顿
603797,联泰环保
603790,雅运股份
603789,ST星农
603788,宁波高发
603787,新日股份
603786,科博达
603779,威龙股份
603778,国晟科技
603777,来伊份
603776,永安行
603773,沃格光电
603768,常青股份
603767,中马传动
603766,隆鑫通用
603759,海天股份
603758,秦安股份
603757,大元泵业
603755,日辰股份
603739,蔚蓝生物
603738,泰晶科技
603737,三棵树
603733,仙鹤股份
603730,岱美股份
603729,ST龙韵
603728,鸣志电器
603727,博迈科
603726,朗迪集团
603725,天安新材
603722,阿科力
603721,中广天择
603719,良品铺子
603718,*ST海利
603717,天域生物
603716,塞力医疗
603713,密尔克卫
603712,七一二
603711,香飘飘
603709,中源家居
603708,家家悦
603707,健友股份
603706,东方环宇
603703,盛洋科技
603701,德宏股份
603700,宁水集团
603699,纽威股份
603698,航天工程
603697,有友食品
603696,安记食品
603693,江苏新能
603690,至纯科技
603689,皖天然气
603688,石英股份
603687,大胜达
603686,福龙马
603685,晨丰科技
603683,晶华新材
603682,锦和商管
603681,永冠新材
603680,今创集团
603679,华体科技
603678,火炬电子
603677,奇精机械
603676,卫信康
603669,灵康药业
603668,天马科技
603667,五洲新春
603666,亿嘉和
603665,康隆达
603663,三祥新材
603662,柯力传感
603661,恒林股份
603660,苏州科达
603659,璞泰来
603658,安图生物
603657,春光科技
603656,泰禾智能
603655,朗博科技
603650,彤程新材
603648,畅联股份
603639,海利尔
603638,艾迪精密
603637,镇海股份
603636,南威软件
603633,徕木股份
603630,拉芳家化
603629,利通电子
603628,清源股份
603626,科森科技
603619,中曼石油
603618,杭电股份
603617,君禾股份
603616,韩建河山
603615,茶花股份
603613,国联股份
603612,索通发展
603611,诺力股份
603610,麒盛科技
603609,禾丰股份
603608,天创时尚
603607,京华激光
603606,东方电缆
603605,珀莱雅
603602,纵横通信
603601,再升科技
603600,永艺股份
603599,广信股份
603598,引力传媒
603596,伯特利
603595,ST东尼
603590,康辰药业
603589,口子窖
603588,高能环境
603587,地素时尚
603586,金麒麟
603585,苏利股份
603583,捷昌驱动
603580,艾艾精工
603579,荣泰健康
603578,三星新材
603577,汇金通
603569,长久物流
603568,伟明环保
603567,珍宝岛
603566,普莱柯
603565,中谷物流
603559,中通国脉
603558,健盛集团
603557,*ST起步
603556,海兴电力
603551,奥普科技
603538,美诺华
603536,惠发食品
603535,嘉诚国际
603533,掌阅科技
603530,神马电力
603529,爱玛科技
603528,多伦科技
603527,众源新材
603520,司太立
603519,立霸股份
603518,锦泓集团
603517,ST绝味
603516,淳中科技
603515,欧普照明
603511,爱慕股份
603508,思维列控
603507,振江股份
603506,南都物业
603505,金石资源
603501,豪威集团
603500,祥和实业
603499,翔港科技
603496,恒为科技
603489,八方股份
603488,展鹏科技
603486,科沃斯
603477,巨星农牧
603466,风语筑
603458,勘设股份
603456,九洲药业
603444,吉比特
603439,三力制药
603429,*ST集友
603421,鼎信通讯
603418,友升股份
603416,信捷电气
603409,汇通控股
603408,建霖家居
603406,天富龙
603402,陕西旅游
603400,华之杰
603399,永杉锂业
603398,*ST沐邦
603396,金辰股份
603395,红四方
603393,新天然气
603392,万泰生物
603391,力聚热能
603390,通达电气
603389,亚振家居
603387,基蛋生物
603386,骏亚科技
603385,惠达卫浴
603383,顶点软件
603382,海阳科技
603381,永臻股份
603380,易德龙
603379,三美股份
603378,*ST亚士
603377,ST东时
603376,大明电子
603375,盛景微
603373,安邦护卫
603370,华新精科
603369,今世缘
603368,柳药集团
603367,辰欣药业
603366,日出东方
603365,水星家纺
603363,傲农生物
603360,百傲化学
603359,*ST东珠
603358,华达科技
603357,设计总院
603356,华菱精工
603355,莱克电气
603353,和顺石油
603352,至信股份
603351,威尔药业
603350,安乃达
603348,文灿股份
603345,安井食品
603344,星德胜
603341,龙旗科技
603339,四方科技
603338,浙江鼎力
603337,杰克科技
603336,宏辉果蔬
603335,迪生力
603334,丰倍生物
603333,福华尚纬
603332,苏州龙杰
603331,百达精工
603330,天洋新材
603329,上海雅仕
603328,依顿电子
603327,福蓉科技
603326,我乐家居
603325,博隆技术
603324,盛剑科技
603323,苏农银行
603322,超讯科技
603321,梅轮电梯
603320,迪贝电气
603319,美湖股份
603318,水发燃气
603317,天味食品
603316,诚邦股份
603315,福鞍股份
603313,梦百合
603312,西典新能
603311,金海高科
603310,巍华新材
603309,维力医疗
603308,应流股份
603307,扬州金泉
603306,华懋科技
603305,旭升集团
603303,得邦照明
603301,振德医疗
603300,海南华铁
603299,苏盐井神
603298,杭叉集团
603297,永新光学
603296,华勤技术
603291,联合水务
603290,斯达半导
603289,泰瑞机器
603288,海天味业
603286,日盈电子
603285,键邦股份
603283,赛腾股份
603282,亚光股份
603281,江瀚新材
603280,南方路机
603279,景津装备
603278,大业股份
603277,银都股份
603276,恒兴新材
603275,众辰科技
603273,天元智能
603272,*ST联翔
603271,永杰新材
603270,金帝股份
603269,海鸥股份
603268,松发股份
603267,鸿远电子
603266,天龙股份
603262,技源集团
603261,立航科技
603260,合盛硅业
603259,药明康德
603258,电魂网络
603257,中国瑞林
603256,宏和科技
603255,鼎际得
603248,锡华科技
603239,浙江仙通
603238,诺邦股份
603237,五芳斋
603236,移远通信
603235,天新药业
603233,大参林
603232,格尔软件
603231,索宝蛋白
603230,内蒙新华
603229,奥翔药业
603228,景旺电子
603227,雪峰科技
603226,菲林格尔
603225,新凤鸣
603223,恒通股份
603222,济民健康
603221,爱丽家居
603220,中贝通信
603219,富佳股份
603218,日月股份
603217,元利科技
603216,梦天家居
603215,比依股份
603214,爱婴室
603213,镇洋发展
603212,赛伍技术
603211,晋拓股份
603210,泰鸿万立
603209,兴通股份
603208,江山欧派
603207,小方制药
603206,嘉环科技
603205,健尔康
603203,快克智能
603202,天有为
603201,常润股份
603200,上海洗霸
603199,九华旅游
603198,迎驾贡酒
603197,保隆科技
603196,璞源材料
603195,公牛集团
603194,中力股份
603193,润本股份
603192,汇得科技
603191,望变电气
603190,亚通精工
603189,*ST网达
603188,亚邦股份
603187,海容冷链
603186,华正新材
603185,弘元绿能
603183,建研院
603182,嘉华股份
603181,皇马科技
603180,金牌家居
603179,新泉股份
603178,圣龙股份
603177,德创环保
603176,汇通集团
603175,超颖电子
603173,福斯达
603172,万丰股份
603171,税友股份
603170,宝立食品
603169,兰石重装
603168,莎普爱思
603167,渤海轮渡
603166,福达股份
603165,荣晟环保
603163,圣晖集成
603162,海通发展
603161,科华控股
603160,汇顶科技
603159,上海亚虹
603158,腾龙股份
603156,养元饮品
603155,新亚强
603153,上海建科
603151,邦基科技
603150,万朗磁塑
603139,康惠股份
603138,海量数据
603137,恒尚节能
603136,天目湖
603135,中重科技
603132,金徽股份
603131,上海沪工
603130,云中马
603129,春风动力
603128,华贸物流
603127,昭衍新药
603126,中材节能
603125,常青科技
603124,江南新材
603123,翠微股份
603122,合富中国
603121,华培动力
603120,肯特催化
603119,浙江荣泰
603118,共进股份
603117,万林物流
603116,红蜻蜓
603115,海星股份
603113,金能科技
603112,华翔股份
603111,康尼机电
603110,东方材料
603109,神驰机电
603108,润达医疗
603107,上海汽配
603106,恒银科技
603105,芯能科技
603103,横店影视
603102,百合股份
603101,汇嘉时代
603100,川仪股份
603099,长白山
603098,森特股份
603097,江苏华辰
603096,新经典
603095,越剑智能
603093,南华期货
603092,德力佳
603091,众鑫股份
603090,宏盛股份
603089,正裕工业
603088,宁波精达
603087,甘李药业
603086,先达股份
603085,天成自控
603083,剑桥科技
603082,北自科技
603081,大丰实业
603080,新疆火炬
603079,圣达生物
603078,江化微
603077,和邦生物
603076,乐惠国际
603075,热威股份
603073,彩蝶实业
603072,天和磁材
603071,物产环能
603070,万控智造
603069,海汽集团
603068,博通集成
603067,振华股份
603066,音飞储存
603065,宿迁联盛
603063,禾望电气
603062,麦加芯彩
603061,金海通
603060,国检集团
603059,倍加洁
603058,永吉股份
603057,紫燕食品
603055,台华新材
603053,成都燃气
603052,可川科技
603051,鹿山新材
603050,科林电气
603049,中策橡胶
603048,浙江黎明
603045,福达合金
603043,广州酒家
603042,华脉科技
603041,美思德
603040,新坐标
603039,泛微网络
603038,华立股份
603037,凯众股份
603036,如通股份
603035,常熟汽饰
603033,三维股份
603032,德新科技
603031,安孚科技
603030,全筑股份
603029,天鹅股份
603028,赛福天
603027,千禾味业
603026,石大胜华
603025,大豪科技
603023,威帝股份
603022,新通联
603021,*ST华鹏
603020,爱普股份
603019,中科曙光
603018,华设集团
603017,中衡设计
603016,新宏泰
603015,弘讯科技
603014,威高血净
603013,亚普股份
603012,创力集团
603011,合锻智能
603010,万盛股份
603009,北特科技
603008,ST喜临门
603007,顺景科技
603006,联明股份
603005,晶方科技
603004,鼎龙科技
603002,宏昌电子
603001,奥康国际
603000,人民网
601999,出版传媒
601998,中信银行
601997,贵阳银行
601996,丰林集团
601995,中金公司
601992,金隅集团
601991,大唐发电
601990,南京证券
601988,中国银行
601985,中国核电
601975,招商南油
601969,海南矿业
601968,宝钢包装
601966,玲珑轮胎
601965,中国汽研
601963,重庆银行
601958,金钼股份
601956,东贝集团
601952,苏垦农发
601949,中国出版
601939,建设银行
601933,永辉超市
601929,吉视传媒
601928,凤凰传媒
601921,浙版传媒
601919,中远海控
601918,新集能源
601916,浙商银行
601908,京运通
601901,方正证券
601900,南方传媒
601899,紫金矿业
601898,中煤能源
601890,亚星锚链
601888,中国中免
601886,江河集团
601882,海天精工
601881,中国银河
601880,辽港股份
601878,浙商证券
601877,正泰电器
601872,招商轮船
601869,长飞光纤
601868,中国能建
601866,中远海发
601865,福莱特
601860,紫金银行
601858,中国科传
601857,中国石油
601838,成都银行
601828,美凯龙
601827,三峰环境
601825,沪农商行
601818,光大银行
601816,京沪高铁
601811,新华文轩
601808,中海油服
601801,皖新传媒
601800,中国交建
601799,星宇股份
601798,蓝科高新
601789,宁波建工
601788,光大证券
601778,晶科科技
601777,千里科技
601766,中国中车
601728,中国电信
601727,上海电气
601718,ST际华
601717,中创智领
601702,华峰铝业
601700,风范股份
601699,潞安环能
601698,中国卫通
601696,中银证券
601689,拓普集团
601688,华泰证券
601686,友发集团
601678,滨化股份
601677,明泰铝业
601669,中国电建
601668,中国建筑
601666,平煤股份
601665,齐鲁银行
601658,邮储银行
601636,旗滨集团
601633,长城汽车
601628,中国人寿
601619,嘉泽新能
601618,中国中冶
601616,广电电气
601615,明阳智能
601611,中国核建
601609,金田股份
601608,中信重工
601607,上海医药
601606,长城军工
601601,中国太保
601600,中国铝业
601599,浙文影业
601598,中国外运
601595,上海电影
601588,北辰实业
601579,会稽山
601577,长沙银行
601568,北元化工
601567,三星电气
601566,九牧王
601555,东吴证券
601528,瑞丰银行
601519,大智慧
601518,吉林高速
601515,衢州东峰
601512,中新集团
601500,通用股份
601456,国联民生
601399,国机重装
601398,工商银行
601390,中国中铁
601388,怡球资源
601377,兴业证券
601375,中原证券
601369,陕鼓动力
601368,绿城水务
601366,利群股份
601360,三六零
601339,百隆东方
601336,新华保险
601333,广深铁路
601330,绿色动力
601328,交通银行
601326,秦港股份
601319,中国人保
601318,中国平安
601311,骆驼股份
601298,青岛港
601288,农业银行
601279,英利汽车
601238,广汽集团
601236,红塔证券
601233,桐昆股份
601231,环旭电子
601229,上海银行
601228,广州港
601226,华电科工
601225,陕西煤业
601222,林洋能源
601218,吉鑫科技
601216,君正集团
601212,白银有色
601211,国泰海通
601208,东材科技
601200,上海环境
601199,江南水务
601198,东兴证券
601188,龙江交通
601187,厦门银行
601186,中国铁建
601179,中国西电
601177,杭齿前进
601169,北京银行
601168,西部矿业
601166,兴业银行
601163,三角轮胎
601162,天风证券
601158,重庆水务
601156,东航物流
601155,新城控股
601139,深圳燃气
601138,工业富联
601137,博威合金
601136,首创证券
601133,柏诚股份
601128,常熟银行
601127,赛力斯
601126,四方股份
601121,宝地矿业
601118,海南橡胶
601117,中国化学
601116,三江购物
601113,华鼎股份
601111,中国国航
601108,财通证券
601107,四川成渝
601106,中国一重
601101,昊华能源
601100,恒立液压
601099,太平洋
601098,中南传媒
601096,宏盛华源
601089,福元医药
601088,中国神华
601086,国芳集团
601083,锦江航运
601077,渝农商行
601069,西部黄金
601068,中铝国际
601066,中信建投
601065,江盐集团
601061,中信金属
601059,信达证券
601058,赛轮轮胎
601038,一拖股份
601033,永兴股份
601026,道生天合
601022,宁波远洋
601021,春秋航空
601020,华钰矿业
601019,山东出版
601018,宁波港
601016,节能风电
601015,陕西黑猫
601012,隆基绿能
601011,宝泰隆
601010,ST文峰
601009,南京银行
601008,连云港
601007,金陵饭店
601006,大秦铁路
601005,重庆钢铁
601003,柳钢股份
601002,晋亿实业
601001,晋控煤业
601000,唐山港
600999,招商证券
600998,九州通
600997,开滦股份
600996,贵广网络
600995,南网储能
600993,马应龙
600992,贵绳股份
600990,四创电子
600989,宝丰能源
600988,赤峰黄金
600987,航民股份
600986,浙文互联
600985,淮北矿业
600984,建设机械
600983,惠而浦
600982,宁波能源
600981,苏豪汇鸿
600980,北矿科技
600979,广安爱众
600977,中国电影
600976,健民集团
600975,新五丰
600973,宝胜股份
600971,恒源煤电
600970,中材国际
600969,郴电国际
600968,海油发展
600967,内蒙一机
600966,博汇纸业
600965,*ST福成
600963,岳阳林纸
600962,国投中鲁
600961,株冶集团
600960,渤海汽车
600959,江苏有线
600958,东方证券
600956,新天绿能
600955,维远股份
600941,中国移动
600939,重庆建工
600938,中国海油
600936,北投科技
600935,华塑股份
600933,爱柯迪
600930,华电新能
600929,雪天盐业
600928,西安银行
600927,永安期货
600926,杭州银行
600925,苏能股份
600919,江苏银行
600918,中泰证券
600917,重庆燃气
600916,中国黄金
600909,华安证券
600908,无锡银行
600906,财达证券
600905,三峡能源
600903,贵州燃气
600901,江苏金租
600900,长江电力
600897,厦门空港
600895,张江高科
600894,广日股份
600893,航发动力
600892,大晟文化
600889,*ST京化
600888,新疆众和
600887,伊利股份
600886,国投电力
600885,宏发股份
600884,杉杉股份
600883,博闻科技
600882,妙可蓝多
600881,亚泰集团
600880,博瑞传播
600879,航天电子
600877,电科芯片
600876,凯盛新能
600875,东方电气
600874,创业环保
600873,梅花生物
600872,中炬高新
600871,石化油服
600869,远东股份
600868,梅雁吉祥
600867,通化东宝
600866,星湖科技
600865,百大集团
600864,哈投股份
600863,华能蒙电
600862,中航高科
600861,北京人力
600860,京城股份
600859,王府井
600858,银座股份
600857,宁波中百
600855,航天长峰
600854,春兰股份
600853,龙建股份
600851,海欣股份
600850,电科数字
600848,上海临港
600847,万里股份
600846,同济科技
600845,宝信软件
600844,金煤科技
600843,上工申贝
600841,动力新科
600839,四川长虹
600838,上海九百
600835,上海机电
600834,申通地铁
600833,第一医药
600831,广电网络
600830,香溢融通
600829,人民同泰
600828,茂业商业
600827,百联股份
600826,兰生股份
600825,新华传媒
600824,益民集团
600822,上海物贸
600821,金开新能
600820,隧道股份
600819,耀皮玻璃
600818,ST中路
600817,宇通重工
600816,建元信托
600815,厦工股份
600814,杭州解百
600812,华北制药
600810,神马股份
600809,山西汾酒
600808,马钢股份
600807,济高发展
600805,悦达投资
600803,新奥股份
600802,福建水泥
600801,华新建材
600800,渤海化学
600798,宁波海运
600797,浙大网新
600796,钱江生化
600795,国电电力
600794,保税科技
600793,宜宾纸业
600792,云煤能源
600791,京能置业
600790,轻纺城
600789,鲁抗医药
600787,中储股份
600785,新华百货
600784,鲁银投资
600783,鲁信创投
600782,新钢股份
600780,通宝能源
600779,水井坊
600778,友好集团
600777,新潮能源
600776,东方通信
600775,南京熊猫
600774,汉商集团
600773,西藏城投
600771,广誉远
600770,综艺股份
600769,祥龙电业
600768,富邦新材
600765,中航重机
600764,中国海防
600763,通策医疗
600761,安徽合力
600760,中航沈飞
600759,ST洲际
600758,辽宁能源
600757,长江传媒
600756,浪潮软件
600755,厦门国贸
600754,锦江酒店
600753,ST海钦
600751,海航科技
600750,华润江中
600749,西藏旅游
600748,上实发展
600746,江苏索普
600745,*ST闻泰
600744,华银电力
600743,华远控股
600742,富维股份
600741,华域汽车
600740,山西焦化
600739,辽宁成大
600738,丽尚国潮
600737,中粮糖业
600736,苏州高新
600735,ST新华锦
600734,*ST实达
600733,北汽蓝谷
600732,爱旭股份
600731,湖南海利
600730,*ST高科
600729,重百集团
600728,佳都科技
600727,鲁北化工
600726,华电能源
600725,云维股份
600724,宁波富达
600722,金牛化工
600721,百花医药
600720,中交设计
600719,大连热电
600718,东软集团
600717,天津港
600716,凤凰股份
600715,文投控股
600714,金瑞矿业
600713,南京医药
600712,南宁百货
600711,盛屯矿业
600710,苏美达
600708,光明地产
600707,彩虹股份
600706,曲江文旅
600704,物产中大
600703,三安光电
600702,舍得酒业
600699,均胜电子
600698,湖南天雁
600697,欧亚集团
600694,大商股份
600693,东百集团
600692,亚通股份
600691,潞化科技
600690,海尔智家
600689,上海三毛
600688,上海石化
600686,金龙汽车
600685,中船防务
600684,珠江股份
600683,京投发展
600682,南京新百
600681,百川能源
600679,上海凤凰
600678,ST金顶
600676,久事动娱
600675,中华企业
600674,川投能源
600673,东阳光
600671,天目药业
600668,尖峰集团
600667,太极实业
600666,奥瑞德
600665,天地源
600664,哈药股份
600663,陆家嘴
600662,外服控股
600661,昂立教育
600660,福耀玻璃
600658,电子城
600657,信达地产
600655,豫园股份
600654,中安科
600653,申华控股
600651,飞乐音响
600650,锦江在线
600649,城投控股
600648,外高桥
600645,中源协和
600644,乐山电力
600643,爱建集团
600642,申能股份
600641,先导基电
600640,国脉文化
600639,浦东金桥
600638,新黄浦
600637,东方明珠
600635,大众公用
600633,浙数文化
600630,龙头股份
600629,华建集团
600628,新世界
600626,申达股份
600624,ST复华
600623,华谊集团
600622,光大嘉宝
600621,华鑫股份
600620,天宸股份
600619,海立股份
600618,氯碱化工
600617,国新能源
600616,金枫酒业
600615,鑫源智造
600613,神奇制药
600612,老凤祥
600611,大众交通
600610,中毅达
600609,金杯汽车
600606,绿地控股
600605,汇通能源
600604,市北高新
600603,广汇物流
600602,云赛智联
600601,方正科技
600600,青岛啤酒
600598,北大荒
600597,光明乳业
600596,新安股份
600595,中孚实业
600594,益佰制药
600593,大连圣亚
600592,龙溪股份
600590,泰豪科技
600589,大位科技
600588,用友网络
600587,新华医疗
600586,金晶科技
600585,海螺水泥
600584,长电科技
600583,海油工程
600582,天地科技
600581,*ST八钢
600580,卧龙电驱
600579,中化装备
600578,京能电力
600577,精达股份
600576,祥源文旅
600575,淮河能源
600573,惠泉啤酒
600572,康恩贝
600571,信雅达
600570,恒生电子
600569,安阳钢铁
600568,ST中珠
600567,山鹰国际
600566,济川药业
600563,法拉电子
600562,国睿科技
600561,江西长运
600560,金自天正
600559,老白干酒
600558,大西洋
600557,康缘药业
600556,天下秀
600552,凯盛科技
600551,时代出版
600550,保变电气
600549,厦门钨业
600548,深高速
600547,山东黄金
600546,山煤国际
600545,卓郎智能
600543,*ST莫高
600540,新赛股份
600539,狮头股份
600538,国发股份
600537,*ST亿晶
600536,中国软件
600535,天士力
600533,栖霞建设
600531,豫光金铅
600530,ST交昂
600529,山东药玻
600528,中铁工业
600527,江南高纤
600526,菲达环保
600525,长园集团
600523,贵航股份
600522,中天科技
600521,华海药业
600520,三佳科技
600519,贵州茅台
600518,康美药业
600517,国网英大
600516,方大炭素
600515,海南机场
600513,联环药业
600512,腾达建设
600511,国药股份
600510,黑牡丹
600509,天富能源
600508,上海能源
600507,方大特钢
600506,统一股份
600505,西昌电力
600503,华丽家族
600502,安徽建工
600501,航天晨光
600500,中化国际
600499,科达制造
600498,烽火通信
600497,驰宏锌锗
600496,精工钢构
600495,晋西车轴
600493,凤竹纺织
600491,ST龙元
600490,鹏欣资源
600489,中金黄金
600488,津药药业
600487,亨通光电
600486,扬农化工
600483,福能股份
600482,中国动力
600481,双良节能
600480,凌云股份
600479,千金药业
600478,科力远
600477,杭萧钢构
600476,*ST湘邮
600475,华光环能
600470,六国化工
600469,风神股份
600468,百利电气
600467,好当家
600463,空港股份
600461,洪城环境
600460,士兰微
600459,贵研铂业
600458,时代新材
600456,宝钛股份
600455,博通股份
600452,涪陵电力
600449,宁夏建材
600448,华纺股份
600446,金证股份
600444,国机通用
600439,ST瑞贝卡
600438,通威股份
600436,片仔癀
600435,北方导航
600433,冠豪高新
600429,三元股份
600428,中远海特
600426,华鲁恒升
600425,青松建化
600423,*ST柳化
600422,昆药集团
600420,国药现代
600419,天润乳业
600418,江淮汽车
600416,湘电股份
600415,小商品城
600410,华胜天成
600409,三友化工
600408,安泰集团
600406,国电南瑞
600405,动力源
600403,大有能源
600400,红豆股份
600399,抚顺特钢
600398,海澜之家
600397,江钨装备
600396,华电辽能
600395,盘江股份
600392,盛和资源
600391,航发科技
600390,五矿资本
600389,江山股份
600388,紫金龙净
600386,北巴传媒
600383,金地集团
600382,广东明珠
600381,*ST春天
600380,健康元
600379,宝光股份
600378,昊华科技
600377,宁沪高速
600376,首开股份
600375,汉马科技
600373,中文传媒
600372,中航机载
600371,万向德农
600370,*ST三房
600369,西南证券
600368,五洲交通
600367,红星发展
600366,宁波韵升
600365,ST通葡
600363,ST联光
600362,江西铜业
600361,创新新材
600360,华微电子
600359,新农开发
600358,国旅联合
600356,恒丰纸业
600354,敦煌种业
600353,旭光电子
600352,浙江龙盛
600351,亚宝药业
600350,山东高速
600348,华阳股份
600346,恒力石化
600345,长江通信
600343,航天动力
600340,*ST华幸
600339,中油工程
600338,西藏珠峰
600337,ST美克
600336,澳柯玛
600335,国机汽车
600333,长春燃气
600332,白云山
600331,宏达股份
600330,天通股份
600329,达仁堂
600328,中盐化工
600327,大东方
600326,西藏天路
600325,华发股份
600323,瀚蓝环境
600322,津投城开
600320,振华重工
600319,亚星化学
600318,新力金融
600316,洪都航空
600315,上海家化
600313,农发种业
600312,平高电气
600310,广西能源
600309,万华化学
600308,华泰股份
600307,酒钢宏兴
600305,恒顺醋业
600303,曙光股份
600302,ST标准
600301,华锡有色
600300,维维股份
600299,安迪苏
600298,安琪酵母
600295,鄂尔多斯
600293,三峡新材
600292,电投水电
600289,ST信通
600288,大恒科技
600287,苏豪时尚
600285,羚锐制药
600284,浦东建设
600283,钱江水利
600282,南钢股份
600281,华阳新材
600280,中央商场
600279,重庆港
600278,东方创业
600276,恒瑞医药
600273,嘉化能源
600272,开开实业
600271,航天信息
600269,赣粤高速
600268,国电南自
600267,海正药业
600266,城建发展
600265,*ST景谷
600262,北方股份
600261,阳光照明
600259,中稀有色
600258,首旅酒店
600257,大湖股份
600256,广汇能源
600255,鑫科材料
600252,中恒集团
600251,冠农股份
600250,南京商旅
600249,两面针
600248,陕建股份
600246,万通发展
600243,*ST海华
600241,时代万恒
600239,ST云城
600238,ST椰岛
600237,铜峰电子
600236,桂冠电力
600235,民丰特纸
600234,科新发展
600233,圆通速递
600232,金鹰股份
600231,凌钢股份
600230,沧州大化
600229,城市传媒
600228,返利科技
600227,赤天化
600226,亨通股份
600223,福瑞达
600222,太龙药业
600221,海航控股
600219,南山铝业
600218,全柴动力
600217,中再资环
600216,浙江医药
600215,派斯林
600212,绿能慧充
600211,西藏药业
600210,紫江企业
600208,衢州发展
600207,安彩高科
600206,有研新材
600203,福日电子
600202,哈空调
600201,生物股份
600199,金种子酒
600198,大唐电信
600197,伊力特
600196,复星医药
600195,中牧股份
600192,长城电工
600191,华资实业
600189,泉阳泉
600188,兖矿能源
600187,*ST国中
600186,莲花控股
600185,珠免集团
600184,光电股份
600183,生益科技
600182,S佳通
600180,*ST瑞茂
600179,安通控股
600178,东安动力
600177,雅戈尔
600176,中国巨石
600173,卧龙新能
600172,黄河旋风
600171,上海贝岭
600170,上海建工
600169,ST太重
600168,武汉控股
600167,联美控股
600166,福田汽车
600165,宁科生物
600163,中闽能源
600162,香江控股
600161,天坛生物
600160,巨化股份
600159,大龙地产
600158,中体产业
600157,永泰能源
600156,华升股份
600155,华创云信
600153,建发股份
600152,维科技术
600151,航天机电
600150,中国船舶
600149,廊坊发展
600148,长春一东
600143,金发科技
600141,兴发集团
600138,中青旅
600137,浪莎股份
600136,ST明诚
600135,乐凯胶片
600133,东湖高新
600132,重庆啤酒
600131,国网信通
600130,波导股份
600129,太极集团
600128,苏豪弘业
600127,金健米业
600126,杭钢股份
600125,铁龙物流
600123,兰花科创
600121,郑州煤电
600120,浙江东方
600119,*ST长投
600118,中国卫星
600117,西宁特钢
600116,三峡水利
600115,中国东航
600114,东睦股份
600113,浙江东日
600111,北方稀土
600110,诺德股份
600109,国金证券
600108,亚盛集团
600107,*ST尔雅
600106,重庆路桥
600105,永鼎股份
600104,上汽集团
600103,青山纸业
600101,明星电力
600100,同方股份
600099,林海股份
600098,广州发展
600097,开创国际
600096,云天化
600095,湘财股份
600094,大名城
600089,特变电工
600088,中视传媒
600085,同仁堂
600084,*ST尼雅
600082,ST海泰
600081,东风科技
600080,ST金花
600079,ST人福
600078,澄星股份
600076,康欣新材
600075,新疆天业
600073,光明肉业
600072,中船科技
600071,凤凰光学
600067,冠城新材
600066,宇通客车
600064,南京高科
600063,皖维高新
600062,华润双鹤
600061,国投资本
600060,海信视像
600059,古越龙山
600058,五矿发展
600057,厦门象屿
600056,中国医药
600055,万东医疗
600054,黄山旅游
600053,*ST九鼎
600052,东望时代
600051,宁波联合
600050,中国联通
600048,保利发展
600039,四川路桥
600038,中直股份
600037,歌华有线
600036,招商银行
600035,楚天高速
600033,福建高速
600032,浙江新能
600031,三一重工
600030,中信证券
600029,南方航空
600028,中国石化
600027,华电国际
600026,中远海能
600025,华能水电
600023,浙能电力
600022,山东钢铁
600021,上海电力
600020,中原高速
600019,宝钢股份
600018,上港集团
600017,日照港
600016,民生银行
600015,华夏银行
600012,皖通高速
600011,华能国际
600010,包钢股份
600009,上海机场
600008,首创环保
600007,中国国贸
600006,东风股份
600004,白云机场
600000,浦发银行
302132,中航成飞
301687,新广益
301678,新恒汇
301668,昊创瑞通
301667,纳百川
301665,泰禾股份
301662,宏工科技
301658,首航新能
301656,联合动力
301638,南网数字
301636,泽润新能
301633,港迪技术
301632,广东建科
301631,壹连科技
301630,同宇新材
301629,矽电股份
301628,强达电路
301626,苏州天脉
301622,英思特
301618,长联科技
301617,博苑新材
301616,浙江华业
301613,新铝时代
301611,珂玛科技
301609,山大电力
301608,博实结
301607,富特科技
301606,绿联科技
301603,乔锋智能
301602,超研股份
301601,惠通科技
301600,慧翰股份
301598,博科测试
301596,瑞迪智驱
301595,太力科技
301592,六九一二
301591,肯特股份
301590,优优绿能
301589,诺瓦星云
301588,美新科技
301587,中瑞股份
301586,佳力奇
301585,蓝宇股份
301584,建发致新
301581,黄山谷捷
301580,爱迪特
301578,辰奕智能
301577,美信科技
301575,艾芬达
301571,国科天成
301568,思泰克
301567,贝隆精密
301566,达利凯普
301565,中仑新材
301563,云汉芯城
301560,众捷股份
301559,中集环科
301558,三态股份
301557,常友科技
301556,托普云农
301555,惠柏新材
301552,科力装备
301551,无线传媒
301550,斯菱智驱
301548,崇德科技
301539,宏鑫科技
301538,骏鼎达
301536,星宸科技
301535,浙江华远
301533,威马农机
301529,福赛科技
301528,多浦乐
301526,国际复材
301525,儒竞科技
301522,上大股份
301520,万邦医药
301519,舜禹股份
301518,长华化学
301517,陕西华达
301516,中远通
301515,港通医疗
301512,智信精密
301511,德福科技
301510,固高科技
301509,金凯生科
301508,中机认检
301507,民生健康
301505,苏州规划
301503,智迪科技
301502,华阳智能
301501,恒鑫生活
301500,飞南资源
301499,维科精密
301498,乖宝宠物
301491,汉桑科技
301489,思泉新材
301488,豪恩汽电
301487,盟固利
301486,致尚科技
301479,弘景光电
301469,恒达新材
301468,博盈特焊
301459,丰茂股份
301458,钧崴电子
301456,盘古智能
301449,天溯计量
301448,开创电气
301446,福事特
301439,泓淋电力
301429,森泰股份
301428,世纪恒通
301421,波长光电
301419,阿莱德
301418,协昌科技
301413,安培龙
301408,华人健康
301399,英特科技
301398,星源卓镁
301397,溯联股份
301396,宏景科技
301395,仁信新材
301393,昊帆生物
301392,汇成真空
301391,卡莱特
301390,经纬股份
301389,隆扬电子
301388,欣灵电气
301387,光大同创
301386,未来电器
301383,天键股份
301382,蜂助手
301381,赛维时代
301380,挖金客
301379,天山电子
301378,通达海
301377,鼎泰高科
301376,致欧科技
301373,凌玮科技
301372,科净源
301371,敷尔佳
301370,国科恒泰
301369,联动科技
301368,丰立智能
301367,瑞迈特
301366,一博科技
301365,矩阵股份
301363,美好医疗
301362,民爆光电
301361,众智科技
301360,荣旗科技
301359,东南电子
301358,湖南裕能
301357,北方长龙
301356,天振股份
301355,南王科技
301353,普莱得
301349,信德新材
301348,蓝箭电子
301345,涛涛车业
301339,苏交数智
301338,凯格精机
301337,亚华电子
301336,趣睡科技
301335,天元宠物
301333,诺思格
301332,德尔玛
301331,恩威医药
301330,熵基科技
301329,信音电子
301328,维峰电子
301327,华宝新能
301326,捷邦科技
301325,曼恩斯特
301323,新莱福
301322,绿通科技
301321,翰博高新
301320,豪江智能
301319,唯特偶
301318,维海德
301317,鑫磊股份
301316,慧博云通
301315,威士顿
301314,科瑞思
301313,凡拓数创
301312,智立方
301311,昆船智能
301310,鑫宏业
301309,万得凯
301308,江波龙
301307,美利信
301306,西测测试
301305,朗坤科技
301303,真兰仪表
301302,华如科技
301301,川宁生物
301300,远翔新材
301299,卓创资讯
301298,东利机械
301297,富乐德
301296,新巨丰
301295,美硕科技
301293,三博脑科
301292,海科新源
301291,明阳电气
301290,东星医疗
301289,国缆检测
301288,清研环境
301287,康力源
301286,侨源股份
301285,鸿日达
301283,聚胶股份
301282,金禄电子
301281,科源制药
301280,珠城科技
301279,金道科技
301278,快可电子
301277,新天地
301276,嘉曼服饰
301275,汉朔科技
301273,瑞晨环保
301272,英华特
301270,汉仪股份
301269,华大九天
301268,铭利达
301267,华厦眼科
301266,宇邦新材
301265,华新科技
301263,泰恩康
301262,海看股份
301261,恒工精密
301260,格力博
301259,艾布鲁
301258,富士莱
301257,普蕊斯
301256,华融化学
301255,通力科技
301252,同星科技
301251,威尔高
301248,杰创智能
301246,宏源药业
301239,普瑞眼科
301238,瑞泰新材
301237,和顺科技
301236,软通动力
301235,华康洁净
301234,五洲医疗
301233,盛帮股份
301232,飞沃科技
301231,荣信文化
301230,泓博医药
301229,纽泰格
301228,实朴检测
301227,森鹰窗业
301226,祥明智能
301225,恒勃股份
301223,中荣股份
301222,浙江恒威
301221,光庭信息
301220,亚香股份
301219,腾远钴业
301218,华是科技
301217,铜冠铜箔
301216,万凯新材
301215,中汽股份
301213,观想科技
301212,联盛化学
301211,亨迪药业
301210,金杨精密
301209,联合化学
301208,中亦科技
301207,华兰疫苗
301206,三元生物
301205,联特科技
301203,国泰环保
301202,朗威股份
301201,诚达药业
301200,大族数控
301199,迈赫股份
301198,喜悦智行
301197,工大科雅
301196,唯科科技
301195,北路智控
301193,家联科技
301192,泰祥股份
301191,菲菱科思
301190,善水科技
301189,奥尼电子
301188,力诺药包
301187,欧圣电气
301186,超达装备
301185,鸥玛软件
301183,东田微
301182,凯旺科技
301181,标榜股份
301180,万祥科技
301179,泽宇智能
301178,天亿马
301177,迪阿股份
301176,逸豪新材
301175,中科环保
301173,毓恬冠佳
301172,君逸数码
301171,易点天下
301170,锡南科技
301169,零点有数
301168,通灵股份
301167,建研设计
301166,优宁维
301165,锐捷网络
301163,宏德股份
301162,国能日新
301161,唯万密封
301160,翔楼新材
301159,三维天地
301158,德石股份
301157,华塑科技
301156,美农生物
301155,海力风电
301153,中科江南
301152,天力锂能
301151,冠龙节能
301150,中一科技
301149,隆华新材
301148,嘉戎技术
301141,中科磁业
301139,元道退
301138,华研精机
301137,哈焊华通
301136,招标股份
301135,瑞德智能
301133,金钟股份
301132,满坤科技
301131,聚赛龙
301130,西点药业
301129,瑞纳智能
301128,强瑞技术
301127,武汉天源
301126,达嘉维康
301125,腾亚精工
301123,奕东电子
301122,采纳股份
301121,紫建电子
301120,新特电气
301119,正强股份
301118,恒光股份
301117,ST佳缘
301116,益客食品
301115,联检科技
301113,雅艺科技
301112,信邦智能
301111,粤万年青
301110,青木科技
301109,军信股份
301108,洁雅股份
301107,瑜欣电子
301106,骏成科技
301105,鸿铭股份
301103,何氏眼科
301102,兆讯传媒
301101,明月镜片
301100,风光股份
301099,雅创电子
301098,金埔园林
301097,天益医疗
301096,百诚医药
301095,广立微
301093,华兰股份
301092,争光股份
301091,深城交
301090,华润材料
301089,拓新药业
301088,戎美股份
301087,可孚医疗
301086,鸿富瀚
301085,亚康股份
301083,百胜智能
301082,久盛电气
301081,严牌股份
301080,百普赛斯
301079,邵阳液压
301078,孩子王
301077,星华新材
301076,新瀚新材
301075,多瑞医药
301073,君亭酒店
301072,中捷精工
301071,力量钻石
301070,开勒股份
301069,凯盛新材
301068,大地海洋
301067,显盈科技
301066,万事利
301065,本立科技
301063,海锅股份
301062,上海艾录
301061,匠心家居
301060,兰卫医学
301059,金三江
301058,中粮科工
301057,汇隆新材
301056,森赫股份
301055,张小泉
301053,远信工业
301052,果麦文化
301051,信濠光电
301050,雷电微力
301049,超越科技
301048,金鹰重工
301047,义翘神州
301046,能辉科技
301045,天禄科技
301043,绿岛风
301042,安联锐视
301041,金百泽
301040,中环海陆
301039,中集车辆
301038,深水规院
301037,保立佳
301036,双乐股份
301035,润丰股份
301033,迈普医学
301032,新柴股份
301031,中熔电气
301030,*ST仕净
301029,怡合达
301028,鼎熔岩
301027,华蓝集团
301026,浩通科技
301025,读客文化
301024,霍普股份
301023,奕帆传动
301022,海泰科
301021,英诺激光
301020,密封科技
301019,宁波色母
301018,申菱环境
301017,漱玉平民
301016,雷尔伟
301015,百洋医药
301013,利和兴
301012,扬电科技
301011,华立科技
301010,晶雪节能
301009,可靠股份
301008,宏昌科技
301007,德迈仕
301006,迈拓股份
301005,超捷股份
301004,嘉益股份
301003,江苏博云
301002,崧盛股份
301001,凯淳股份
301000,肇民科技
300999,金龙鱼
300998,宁波方正
300997,欢乐家
300996,普联软件
300995,奇德新材
300994,久祺股份
300993,玉马科技
300992,泰福泵业
300991,创益通
300990,同飞股份
300989,蕾奥规划
300988,津荣天宇
300987,川网传媒
300986,志特新材
300985,致远新能
300984,金沃股份
300983,尤安设计
300982,苏文电能
300981,中红医疗
300980,祥源新材
300979,华利集团
300978,东箭科技
300977,深圳瑞捷
300976,达瑞电子
300975,商络电子
300973,立高食品
300972,万辰集团
300971,博亚精工
300970,华绿生物
300969,恒帅股份
300968,格林精密
300967,晓鸣股份
300966,共同药业
300965,恒宇信通
300964,本川智能
300963,中洲特材
300962,中金辐照
300961,深水海纳
300960,通业科技
300959,线上线下
300958,建工修复
300957,贝泰妮
300956,英力股份
300955,嘉亨家化
300953,震裕科技
300952,恒辉安防
300951,博硕科技
300950,德固特
300949,奥雅股份
300948,冠中生态
300947,德必集团
300946,恒而达
300945,曼卡龙
300943,春晖智控
300942,易瑞生物
300941,创识科技
300940,南极光
300939,秋田微
300938,信测标准
300937,药易购
300936,中英科技
300935,盈建科
300933,中辰股份
300932,三友联众
300931,通用电梯
300930,屹通新材
300929,华骐环保
300928,华安鑫创
300927,江天化学
300926,博俊科技
300925,法本信息
300923,研奥股份
300922,天秦装备
300921,南凌科技
300920,润阳科技
300919,中伟新材
300918,南山智尚
300917,特发服务
300916,朗特智能
300915,海融科技
300913,兆龙互连
300912,凯龙高科
300911,亿田智能
300910,瑞丰新材
300909,汇创达
300908,仲景食品
300907,康平科技
300906,日月明
300905,宝丽迪
300904,威力传动
300903,科翔股份
300902,国安达
300901,中胤时尚
300900,广联航空
300899,上海凯鑫
300898,熊猫乳品
300897,山科智能
300896,爱美客
300895,铜牛信息
300894,火星人
300893,松原安全
300892,品渥食品
300891,惠云钛业
300890,翔丰华
300889,爱克股份
300888,稳健医疗
300887,谱尼测试
300886,华业香料
300885,海昌新材
300884,狄耐克
300883,龙利得
300882,万胜智能
300881,盛德鑫泰
300880,迦南智能
300879,大叶股份
300878,维康药业
300877,金春股份
300876,蒙泰高新
300875,捷强装备
300873,海晨股份
300872,天阳科技
300871,回盛生物
300870,欧陆通
300869,康泰医学
300868,杰美特
300867,圣元环保
300866,安克创新
300865,大宏立
300864,南大环境
300863,卡倍亿
300862,蓝盾光电
300861,美畅股份
300860,锋尚文化
300859,西域旅游
300858,科拓生物
300857,协创数据
300856,科思股份
300855,图南股份
300854,中兰环保
300853,申昊科技
300852,四会富仕
300851,交大思诺
300850,新强联
300849,锦盛新材
300848,美瑞新材
300847,中船汉光
300846,首都在线
300845,捷安高科
300844,山水比德
300843,胜蓝股份
300842,帝科股份
300841,康华生物
300840,酷特智能
300839,博汇股份
300838,浙江力诺
300837,浙矿股份
300836,佰奥智能
300835,龙磁科技
300834,星辉环材
300833,浩洋股份
300832,新产业
300831,ST派瑞
300830,金现代
300829,金丹科技
300828,锐新科技
300827,上能电气
300826,测绘股份
300825,阿尔特
300824,北鼎股份
300823,建科智能
300822,贝仕达克
300821,东岳硅材
300820,英杰电气
300819,聚杰微纤
300818,耐普矿机
300817,双飞集团
300816,艾可蓝
300815,玉禾田
300814,中富电路
300813,泰林生物
300812,易天股份
300811,铂科新材
300810,中科海讯
300809,华辰装备
300808,久量股份
300807,天迈科技
300806,斯迪克
300805,电声股份
300804,广康生化
300803,指南针
300802,矩子科技
300801,泰和科技
300800,力合科技
300798,锦鸡股份
300797,钢研纳克
300796,贝斯美
300795,米奥会展
300793,佳禾智能
300792,壹网壹创
300791,仙乐健康
300790,宇瞳光学
300789,唐源电气
300788,中信出版
300787,海能实业
300786,国林科技
300785,值得买
300784,利安科技
300783,三只松鼠
300782,卓胜微
300781,因赛集团
300780,德恩精工
300779,惠城环保
300778,新城市
300777,中简科技
300776,帝尔激光
300775,三角防务
300774,倍杰特
300773,拉卡拉
300772,运达股份
300771,智莱科技
300770,新媒股份
300769,德方纳米
300768,迪普科技
300767,震安科技
300766,每日互动
300765,石药创新
300763,锦浪科技
300762,上海瀚讯
300761,立华股份
300760,迈瑞医疗
300759,康龙化成
300758,七彩化学
300757,罗博特科
300756,金马游乐
300755,华致酒行
300753,爱朋医疗
300752,隆利科技
300751,迈为股份
300750,宁德时代
300749,顶固集创
300748,金力永磁
300747,锐科激光
300746,汉嘉数智
300745,欣锐科技
300743,天地数码
300741,华宝股份
300740,水羊股份
300739,明阳电路
300738,奥飞数据
300737,科顺股份
300736,百邦科技
300735,光弘科技
300733,西菱动力
300732,设研院
300731,科创新源
300730,科创信息
300729,乐歌股份
300727,润禾材料
300726,宏达电子
300725,药石科技
300724,捷佳伟创
300723,一品红
300722,新余国科
300721,怡达股份
300720,海川智能
300719,安达维尔
300718,长盛轴承
300717,华信新材
300716,*ST泉为
300715,凯伦股份
300713,英可瑞
300712,永福股份
300711,广哈通信
300710,万隆光电
300709,精研科技
300708,聚灿光电
300707,威唐工业
300706,阿石创
300705,九典制药
300703,创源股份
300702,天宇股份
300701,森霸传感
300700,岱勒新材
300699,光威复材
300698,万马科技
300697,电工合金
300696,爱乐达
300695,兆丰股份
300694,蠡湖股份
300693,盛弘股份
300692,中赋科技
300691,联合光电
300690,双一科技
300689,澄天伟业
300688,创业黑马
300687,赛意信息
300686,智动力
300685,艾德生物
300684,中石科技
300683,海特生物
300682,朗新科技
300681,英搏尔
300680,隆盛科技
300679,电连技术
300678,中科信息
300677,英科医疗
300676,华大基因
300675,建科院
300674,宇信科技
300673,佩蒂股份
300672,国科微
300671,富满微
300670,大烨智能
300669,沪宁股份
300668,杰恩股份
300667,必创科技
300666,江丰电子
300665,飞鹿股份
300664,鹏鹞环保
300663,科蓝软件
300662,科锐国际
300661,圣邦股份
300660,江苏雷利
300659,中孚信息
300658,延江股份
300657,弘信电子
300656,民德电子
300655,晶瑞电材
300654,世纪天鸿
300653,正海生物
300652,雷迪克
300651,金陵体育
300650,太龙股份
300649,杭州园林
300648,星云股份
300647,超频三
300645,正元智慧
300644,南京聚隆
300643,万通智控
300642,透景生命
300641,正丹股份
300640,德艺文创
300639,凯普生物
300638,广和通
300637,扬帆新材
300636,同和药业
300635,中达安
300634,彩讯股份
300633,开立医疗
300632,光莆股份
300631,久吾高科
300629,新劲刚
300628,亿联网络
300627,华测导航
300626,华瑞股份
300625,三雄极光
300624,万兴科技
300623,捷捷微电
300622,博士眼镜
300621,维业股份
300620,光库科技
300619,金银河
300618,寒锐钴业
300617,安靠智电
300616,尚品宅配
300615,欣天科技
300614,百川畅银
300613,富瀚微
300612,宣亚国际
300611,美力科技
300610,晨化股份
300609,汇纳科技
300608,思特奇
300607,拓斯达
300606,金太阳
300605,恒锋信息
300604,长川科技
300603,立昂技术
300602,飞荣达
300601,康泰生物
300600,国瑞科技
300599,雄塑科技
300598,诚迈科技
300597,吉大通信
300596,利安隆
300595,欧普康视
300594,ST朗进
300593,新雷能
300592,华凯易佰
300591,万里马
300590,移为通信
300589,江龙船艇
300588,熙菱信息
300587,天铁科技
300586,美联新材
300585,奥联电子
300584,海辰药业
300583,赛托生物
300582,英飞特
300581,晨曦航空
300580,贝斯特
300579,数字认证
300578,会畅科技
300577,开润股份
300576,容大感光
300575,中旗股份
300573,兴齐眼药
300572,安车检测
300571,平治信息
300570,太辰光
300569,天能重工
300568,星源材质
300567,精测电子
300566,激智科技
300565,科信技术
300564,筑博设计
300563,神宇股份
300562,乐心股份
300561,汇金科技
300560,中富通
300559,佳发教育
300558,贝达药业
300557,理工光科
300556,丝路视觉
300555,ST路通
300554,三超新材
300553,集智股份
300552,万集科技
300551,古鳌科技
300550,和仁科技
300549,优德精密
300548,长芯博创
300547,川环科技
300546,雄帝科技
300545,联得装备
300543,朗科智能
300542,新晨科技
300541,先进数通
300540,蜀道装备
300539,横河精密
300538,同益股份
300537,广信材料
300536,农尚环境
300535,达威股份
300534,陇神戎发
300533,冰川网络
300532,今天国际
300531,优博讯
300530,领湃科技
300529,健帆生物
300528,幸福蓝海
300527,中船应急
300525,博思软件
300523,辰安科技
300522,世名科技
300521,爱司凯
300520,科大国创
300519,新光药业
300518,新迅达
300517,海波重科
300516,久之洋
300515,三德科技
300514,友讯达
300513,恒实科技
300512,中亚股份
300511,雪榕生物
300510,金冠股份
300509,新美星
300508,维宏股份
300507,苏奥传感
300506,名家汇
300505,川金诺
300504,天邑股份
300503,昊志机电
300502,新易盛
300501,海顺新材
300500,启迪设计
300499,高澜股份
300498,温氏股份
300497,富祥股份
300496,中科创达
300494,盛天网络
300493,润欣科技
300492,华图山鼎
300491,通合科技
300490,华自科技
300489,光智科技
300488,恒锋工具
300487,蓝晓科技
300486,东杰智能
300485,赛升药业
300484,蓝海华腾
300483,首华燃气
300482,万孚生物
300481,濮阳惠成
300480,光力科技
300479,神思电子
300478,杭州高新
300477,ST合纵
300476,胜宏科技
300475,香农芯创
300474,景嘉微
300473,德尔股份
300472,ST新元
300471,厚普股份
300470,中密控股
300469,信息发展
300468,四方精创
300467,迅游科技
300466,赛摩智能
300465,高伟达
300464,星徽股份
300463,迈克生物
300462,ST华铭
300461,田中精机
300460,ST惠伦
300459,汤姆猫
300458,全志科技
300457,赢合科技
300456,赛微电子
300455,航天智装
300454,深信服
300453,三鑫医疗
300452,山河药辅
300451,创业慧康
300450,先导智能
300449,汉邦高科
300448,浩云科技
300447,全信股份
300446,航天智造
300445,康斯特
300444,双杰电气
300443,金雷股份
300442,润泽科技
300441,鲍斯股份
300440,运达科技
300439,美康生物
300438,鹏辉能源
300437,清水源
300436,广生堂
300435,中泰股份
300434,金石亚药
300433,蓝思科技
300432,富临精工
300430,*ST益通
300429,强力新材
300428,立中集团
300427,红相股份
300426,华智数媒
300425,中建环能
300424,航新科技
300423,昇辉科技
300422,博世科
300421,力星股份
300420,五洋自控
300419,ST浩丰
300418,昆仑万维
300417,南华仪器
300416,苏试试验
300415,伊之密
300414,中光防雷
300413,芒果超媒
300412,迦南科技
300411,金盾股份
300410,正业科技
300409,道氏技术
300408,三环集团
300407,凯发电气
300406,九强生物
300405,科隆股份
300404,博济医药
300403,汉宇集团
300402,宝色股份
300401,花园生物
300400,劲拓股份
300399,天利科技
300398,飞凯材料
300397,天和防务
300396,ST迪瑞
300395,菲利华
300394,天孚通信
300393,中来股份
300390,天华新能
300389,艾比森
300388,节能国祯
300387,富邦科技
300386,飞天诚信
300385,ST雪浪
300384,三联虹普
300383,光环新网
300382,斯莱克
300381,溢多利
300380,安硕信息
300378,鼎捷数智
300377,赢时胜
300376,易事特
300375,鹏翎股份
300374,中铁装配
300373,扬杰科技
300371,汇中股份
300370,安控科技
300369,绿盟科技
300368,汇金股份
300366,ST创意
300365,恒华科技
300364,中文在线
300363,博腾股份
300360,炬华科技
300359,全通教育
300358,楚天科技
300357,我武生物
300355,蒙草生态
300354,东华测试
300353,东土科技
300352,ST信源
300351,永贵电器
300350,华鹏飞
300349,金卡智能
300348,长亮科技
300347,泰格医药
300346,南大光电
300345,华民股份
300343,联创股份
300342,天银机电
300341,麦克奥迪
300340,科恒股份
300339,润和软件
300338,*ST开元
300337,银邦股份
300335,迪森股份
300334,津膜科技
300333,兆日科技
300332,天壕能源
300331,苏大维格
300329,海伦钢琴
300328,宜安科技
300327,中颖电子
300326,ST凯利
300324,旋极信息
300323,华灿光电
300322,硕贝德
300321,同大股份
300320,海达股份
300319,麦捷科技
300318,博晖创新
300317,珈伟新能
300316,晶盛机电
300315,掌趣科技
300314,戴维医疗
300313,天山生物
300311,任子行
300310,宜通世纪
300308,中际旭创
300307,慈星股份
300306,远方信息
300305,裕兴股份
300304,云意电气
300303,聚飞光电
300302,同有科技
300301,ST长方
300300,海峡创新
300299,富春股份
300298,三诺生物
300296,利亚德
300295,*ST三六五
300294,博雅生物
300293,蓝英装备
300292,吴通控股
300291,百纳千成
300290,ST荣科
300289,利德曼
300288,朗玛信息
300287,飞利信
300286,安科瑞
300285,国瓷材料
300284,苏交科
300283,温州宏丰
300281,金明精机
300279,和晶科技
300278,华昌达
300277,汽轮科技
300276,三丰智能
300275,梅安森
300274,阳光电源
300272,开能健康
300271,华宇软件
300270,中威电子
300269,联建光电
300268,佳沃食品
300267,尔康制药
300266,兴源环境
300265,通光线缆
300264,佳创视讯
300263,隆华科技
300261,雅本化学
300260,新莱应材
300259,新天科技
300258,精锻科技
300257,开山股份
300256,星星科技
300255,常山药业
300254,仟源医药
300253,卫宁健康
300252,金信诺
300251,光线传媒
300250,初灵信息
300249,依米康
300248,新开普
300247,融捷健康
300246,宝莱特
300245,ST天玑
300244,迪安诊断
300243,瑞丰高材
300242,佳云科技
300241,瑞丰光电
300240,飞力达
300239,东宝生物
300238,冠昊生物
300237,ST美晨
300236,上海新阳
300235,方直科技
300234,开尔新材
300233,金城医药
300232,洲明科技
300231,银信科技
300230,永利股份
300229,拓尔思
300228,富瑞特装
300227,光韵达
300226,上海钢联
300225,金力泰
300224,正海磁材
300223,君正股份
300222,科大智能
300221,银禧科技
300220,金运激光
300219,鸿利智汇
300218,安利股份
300217,东方电热
300215,电科院
300214,日科化学
300213,佳讯飞鸿
300212,*ST易录
300211,亿通科技
300210,森远股份
300209,行云科技
300207,欣旺达
300206,理邦仪器
300205,*ST天喻
300204,舒泰神
300203,聚光科技
300201,海伦哲
300200,高盟新材
300199,翰宇药业
300198,*ST纳川
300197,节能铁汉
300196,长海股份
300195,长荣股份
300194,福安药业
300193,佳士科技
300192,科德教育
300191,潜能恒信
300190,维尔利
300189,神农种业
300188,国投智能
300187,永清环保
300185,通裕重工
300184,力源信息
300183,东软载波
300182,捷成股份
300181,佐力药业
300180,华峰超纤
300179,四方达
300177,中海达
300176,鸿特科技
300175,朗源股份
300174,元力股份
300173,ST福能
300172,中电环保
300171,东富龙
300170,汉得信息
300169,天晟新材
300168,万达信息
300167,ST迪威迅
300166,东方国信
300165,天瑞仪器
300164,通源石油
300163,先锋新材
300162,雷曼光电
300161,华中数控
300160,秀强股份
300159,新研股份
300158,振东制药
300157,新锦动力
300155,安居宝
300154,瑞凌股份
300153,科泰电源
300152,*ST动力
300151,昌红科技
300150,世纪瑞尔
300149,睿智医药
300148,天舟文化
300147,*ST香雪
300146,汤臣倍健
300145,南方泵业
300144,宋城演艺
300143,盈康生命
300142,沃森生物
300141,和顺电气
300140,节能环境
300139,晓程科技
300138,晨光生物
300137,先河环保
300136,信维通信
300135,宝利国际
300134,大富科技
300133,华策影视
300132,诺斯贝尔
300131,英唐智控
300130,新国都
300129,泰胜风能
300128,锦富技术
300127,银河磁体
300126,锐奇股份
300125,聆达股份
300124,汇川技术
300123,ST亚光
300122,智飞生物
300121,阳谷华泰
300120,经纬辉开
300119,瑞普生物
300118,东方日升
300115,长盈精密
300113,顺网科技
300112,万讯自控
300111,向日葵
300110,华仁药业
300109,新开源
300107,建新股份
300106,西部牧业
300105,龙源技术
300103,达刚控股
300102,乾照光电
300101,振芯科技
300100,双林股份
300099,尤洛卡
300098,高新兴
300097,智云股份
300096,易联众
300095,华伍股份
300094,国联水产
300093,金刚光伏
300092,科新机电
300091,*ST金灵
300088,长信科技
300087,ST荃银
300086,康芝药业
300085,银之杰
300084,海默科技
300083,创世纪
300082,奥克股份
300081,ST恒信
300080,易成新能
300079,数码视讯
300078,思创智联
300077,国民技术
300076,*ST宁视
300075,数字政通
300074,华平股份
300073,当升科技
300072,海新能科
300071,福石控股
300070,碧水源
300069,金利华电
300068,ST南都
300067,安诺其
300066,三川智慧
300065,海兰信
300063,天龙集团
300062,中能电气
300061,旗天科技
300059,东方财富
300058,蓝色光标
300057,万顺新材
300056,中创环保
300055,万邦达
300054,鼎龙股份
300053,航宇微
300052,中青宝
300051,琏升科技
300050,世纪鼎利
300049,福瑞医科
300048,合康新能
300047,天源迪科
300046,台基股份
300045,华力创通
300044,*ST赛为
300043,星辉娱乐
300042,朗科科技
300041,回天新材
300040,九洲集团
300039,上海凯宝
300037,新宙邦
300036,超图软件
300035,中科电气
300034,钢研高纳
300033,同花顺
300032,金龙机电
300031,宝通科技
300030,阳普医疗
300027,ST华谊
300026,红日药业
300025,华星创业
300024,机器人
300022,吉峰科技
300021,大禹节水
300020,ST银江
300019,硅宝科技
300018,中元股份
300017,网宿科技
300016,北陆药业
300015,爱尔眼科
300014,亿纬锂能
300013,新宁物流
300012,华测检测
300011,鼎汉技术
300010,ST豆神
300009,安科生物
300008,天海防务
300007,汉威科技
300006,莱美药业
300005,探路者
300004,南风股份
300003,乐普医疗
300002,神州泰岳
300001,特锐德
003816,中国广核
003043,华亚智能
003042,中农联合
003041,真爱美家
003040,楚天龙
003039,顺控发展
003038,鑫铂股份
003037,三和管桩
003036,泰坦股份
003035,南网能源
003033,征和工业
003032,传智教育
003031,中瓷电子
003030,祖名股份
003029,吉大正元
003028,振邦智能
003027,同兴科技
003026,中晶科技
003025,思进智能
003023,彩虹集团
003022,联泓新科
003021,兆威机电
003020,立方制药
003019,宸展光电
003018,金富科技
003017,大洋生物
003016,欣贺股份
003015,日久光电
003013,地铁设计
003012,东鹏控股
003011,海象新材
003010,若羽臣
003009,中天火箭
003008,开普检测
003007,直真科技
003006,百亚股份
003005,竞业达
003004,声迅股份
003003,天元股份
003002,壶化股份
003001,中岩大地
003000,劲仔食品
002999,天禾股份
002998,优彩资源
002997,瑞鹄模具
002996,顺博合金
002995,天地在线
002993,奥海科技
002992,宝明科技
002991,甘源食品
002990,盛视科技
002989,中天精装
002988,豪美新材
002987,京北方
002986,宇新股份
002985,北摩高科
002984,森麒麟
002983,芯瑞达
002982,湘佳股份
002981,朝阳科技
002980,华盛昌
002979,雷赛智能
002978,安宁股份
002977,*ST天箭
002976,瑞玛精密
002975,博杰股份
002973,侨银股份
002972,科安达
002971,和远气体
002970,锐明技术
002969,嘉美包装
002968,新大正
002967,广电计量
002966,苏州银行
002965,祥鑫科技
002963,豪尔赛
002962,五方光电
002961,瑞达期货
002960,青鸟智控
002959,小熊电器
002958,青农商行
002957,科瑞技术
002956,西麦食品
002955,鸿合科技
002953,日丰股份
002952,亚世光电
002951,金时科技
002950,奥美医疗
002949,华阳国际
002948,青岛银行
002947,恒铭达
002946,新乳业
002945,华林证券
002943,宇晶股份
002942,新农股份
002941,新疆交建
002940,昂利康
002939,长城证券
002938,鹏鼎控股
002937,兴瑞科技
002936,郑州银行
002935,天奥电子
002933,新兴装备
002932,*ST明德
002931,锋龙股份
002930,宏川智慧
002929,润建股份
002928,华夏航空
002927,泰永长征
002926,华西证券
002925,盈趣科技
002923,润都股份
002922,伊戈尔
002921,联诚精密
002920,德赛西威
002919,名臣健康
002918,蒙娜丽莎
002917,金奥博
002916,深南电路
002915,中欣氟材
002913,奥士康
002912,中新赛克
002911,佛燃能源
002910,庄园牧场
002909,集泰股份
002908,德生科技
002907,华森制药
002906,华阳集团
002905,金逸影视
002903,宇环数控
002902,铭普光磁
002901,大博医疗
002900,哈三联
002899,英派斯
002897,意华股份
002896,中大力德
002895,川恒股份
002893,京能热力
002892,科力尔
002891,中宠股份
002890,弘宇股份
002889,东方嘉盛
002888,惠威科技
002887,绿茵生态
002886,沃特股份
002885,京泉华
002884,凌霄泵业
002883,*ST中设
002882,金龙羽
002881,美格智能
002880,卫光生物
002879,长缆科技
002878,元隆雅图
002877,智能自控
002876,三利谱
002875,安奈儿
002873,新天药业
002872,ST天圣
002871,伟隆股份
002870,香山股份
002869,金溢科技
002868,绿康生化
002867,周大生
002866,传艺科技
002865,钧达股份
002864,盘龙药业
002863,今飞凯达
002862,实丰文化
002861,瀛通通讯
002860,星帅尔
002859,洁美科技
002858,力盛体育
002857,三晖电气
002856,*ST美芝
002855,捷荣技术
002853,皮阿诺
002852,道道全
002851,麦格米特
002850,科达利
002849,威星智能
002848,高斯贝尔
002847,盐津铺子
002846,英联股份
002845,同兴达
002843,泰嘉股份
002842,翔鹭钨业
002841,视源股份
002840,华统股份
002839,张家港行
002838,道恩股份
002837,英维克
002836,新宏泽
002835,同为股份
002833,弘亚数控
002832,比音勒芬
002831,裕同科技
002830,名雕股份
002829,星网宇达
002828,贝肯能源
002827,高争民爆
002826,易明医药
002825,纳尔股份
002824,和胜股份
002823,凯中精密
002822,ST中装
002821,凯莱英
002820,桂发祥
002819,东方中科
002818,富森美
002817,黄山胶囊
002816,*ST和科
002815,崇达技术
002813,路畅科技
002812,恩捷股份
002811,郑中设计
002810,山东赫达
002809,红墙股份
002807,江阴银行
002806,华锋股份
002805,丰元股份
002803,吉宏股份
002802,洪汇新材
002801,微光股份
002800,天顺股份
002799,环球印务
002798,帝欧水华
002797,第一创业
002796,世嘉科技
002795,永和智控
002793,罗欣药业
002792,通宇通讯
002791,坚朗五金
002790,瑞尔特
002789,*ST建艺
002788,鹭燕医药
002787,华源控股
002786,银宝山新
002785,万里石
002783,凯龙股份
002782,可立克
002780,三夫户外
002779,中坚科技
002778,中晟高科
002777,久远银海
002775,文科股份
002774,快意电梯
002773,康弘药业
002772,众兴菌业
002771,真视通
002769,普路通
002768,国恩股份
002767,先锋电子
002766,索菱股份
002765,蓝黛科技
002763,汇洁股份
002762,金发拉比
002761,浙江建投
002760,凤形股份
002759,ST天际
002758,浙农股份
002757,南兴股份
002756,永兴材料
002755,奥赛康
002753,永东股份
002752,昇兴股份
002749,国光股份
002748,世龙实业
002747,埃斯顿
002746,仙坛股份
002745,木林森
002743,ST富煌
002742,冀衡医药
002741,光华科技
002739,儒意电影
002738,中矿资源
002737,葵花药业
002736,国信证券
002735,王子新材
002734,利民股份
002733,雄韬股份
002732,燕塘乳业
002731,*ST萃华
002730,电光科技
002729,好利科技
002728,特一药业
002727,一心堂
002726,ST龙大
002725,跃岭股份
002724,海洋王
002723,小崧股份
002722,物产金轮
002721,金一文化
002719,ST麦趣
002718,友邦吊顶
002717,*ST岭南
002716,湖南白银
002715,登云股份
002714,牧原股份
002713,东易日盛
002712,思美传媒
002709,天赐材料
002708,光洋股份
002707,众信旅游
002706,良信股份
002705,新宝股份
002703,浙江世宝
002702,海欣食品
002701,奥瑞金
002700,万憬能源
002698,博实股份
002697,红旗连锁
002696,百洋股份
002695,煌上煌
002694,*ST顾地
002693,双成药业
002692,远程股份
002691,*ST冀凯
002690,美亚光电
002689,ST远智
002688,金河生物
002687,乔治白
002686,亿利达
002685,华东重机
002683,广东宏大
002682,龙洲股份
002681,奋达科技
002679,福建金森
002678,珠江钢琴
002677,浙江美大
002676,顺威股份
002675,东诚药业
002674,兴业科技
002673,西部证券
002672,东江环保
002671,龙泉股份
002670,国盛证券
002669,康达新材
002668,TCL智家
002667,*ST威领
002666,德联集团
002664,信质集团
002663,普邦股份
002662,峰璟股份
002661,克明食品
002660,茂硕电源
002659,凯文教育
002658,雪迪龙
002657,中科金财
002656,摩登大道
002655,共达电声
002654,万润科技
002653,海思科
002652,扬子新材
002651,利君股份
002650,ST加加
002649,博彦科技
002648,卫星化学
002647,仁东控股
002646,天佑德酒
002645,华宏科技
002644,佛慈制药
002643,万润股份
002642,荣联科技
002641,公元股份
002640,跨境通
002639,雪人集团
002638,勤上股份
002637,赞宇科技
002636,金安国纪
002635,安洁科技
002634,*ST棒杰
002633,申科股份
002632,道明光学
002631,德尔未来
002630,*ST华西
002629,仁智股份
002628,成都路桥
002627,三峡旅游
002626,金达威
002625,光启技术
002624,完美世界
002623,亚玛顿
002622,皓宸医疗
002620,*ST瑞和
002617,露笑科技
002616,长青集团
002615,哈尔斯
002614,奥佳华
002613,北玻股份
002612,朗姿股份
002611,东方精工
002609,捷顺科技
002608,江苏国信
002607,中公教育
002606,大连电瓷
002605,姚记科技
002603,以岭药业
002602,世纪华通
002601,龙佰集团
002600,领益智造
002599,盛通股份
002598,ST章鼓
002597,金禾实业
002596,海南瑞泽
002595,豪迈科技
002594,比亚迪
002593,日上集团
002592,ST八菱
002591,恒大高新
002590,万安科技
002589,瑞康医药
002588,史丹利
002587,奥拓电子
002586,围海股份
002585,双星新材
002584,西陇科学
002583,海能达
002582,好想你
002581,*ST未名
002580,圣阳股份
002579,中京电子
002578,闽发铝业
002577,雷柏科技
002576,通达动力
002575,群兴玩具
002574,明牌珠宝
002573,清新环境
002572,索菲亚
002571,德力股份
002570,贝因美
002569,*ST步森
002568,百润股份
002567,唐人神
002566,益盛药业
002565,顺灏股份
002564,天沃科技
002563,森马服饰
002562,兄弟科技
002561,徐家汇
002560,通达股份
002559,亚威股份
002558,巨人网络
002557,洽洽食品
002556,辉隆股份
002555,三七互娱
002554,惠博普
002553,南方精工
002552,宝鼎科技
002551,尚荣医疗
002550,千红制药
002549,凯美特气
002548,金新农
002547,*ST春兴
002546,新联电子
002545,东方铁塔
002544,普天科技
002543,万和电气
002542,*ST中岩
002541,鸿路钢构
002540,亚太科技
002539,云图控股
002538,ST司特
002537,海联金汇
002536,飞龙股份
002535,林州重机
002534,西子洁能
002533,金杯电工
002532,天山铝业
002531,天顺风能
002530,金财互联
002529,海源复材
002528,*ST英飞
002527,新时达
002526,山东矿机
002524,光正眼科
002523,天桥起重
002522,浙江众成
002521,齐峰新材
002520,日发精机
002519,银河电子
002518,科士达
002517,恺英网络
002516,旷达科技
002515,金字火腿
002514,*ST宝馨
002513,蓝丰生化
002512,ST达华
002511,中顺洁柔
002510,天汽模
002508,老板电器
002507,涪陵榨菜
002506,协鑫集成
002501,*ST利源
002500,山西证券
002498,汉缆股份
002497,雅化集团
002496,辉丰股份
002495,佳隆股份
002494,华斯股份
002493,荣盛石化
002492,恒基达鑫
002491,通鼎互联
002490,山东墨龙
002489,浙江永强
002488,金固股份
002487,大金重工
002486,嘉麟杰
002485,ST雪发
002484,江海股份
002483,润邦股份
002482,广田集团
002481,双塔食品
002480,新筑股份
002479,富春环保
002478,常宝股份
002476,新叶股份
002475,立讯精密
002474,榕基软件
002472,双环传动
002471,中超控股
002470,金正大
002469,三维化学
002468,申通快递
002467,二六三
002466,天齐锂业
002465,海格通信
002463,沪电股份
002462,嘉事堂
002461,珠江啤酒
002460,赣锋锂业
002459,晶澳科技
002458,益生股份
002457,青龙管业
002456,欧菲光
002455,百川股份
002454,松芝股份
002453,华软科技
002452,长高电气
002451,摩恩电气
002449,国星光电
002448,中原内配
002446,盛路通信
002445,中南文化
002444,巨星科技
002443,金洲管道
002442,龙星科技
002441,众业达
002440,闰土股份
002439,启明星辰
002438,江苏神通
002437,誉衡药业
002436,兴森科技
002434,万里扬
002432,九安医疗
002431,ST棕榈
002430,杭氧股份
002429,兆驰股份
002428,云南锗业
002427,尤夫股份
002426,胜利精密
002425,凯撒文化
002424,ST百灵
002423,中粮资本
002422,科伦药业
002421,达实智能
002420,毅昌科技
002419,天虹股份
002418,康盛股份
002416,爱施德
002415,海康威视
002414,高德红外
002413,雷科防务
002412,汉森制药
002410,广联达
002409,雅克科技
002408,齐翔腾达
002407,多氟多
002406,远东传动
002405,四维图新
002404,嘉欣丝绸
002403,爱仕达
002402,和而泰
002401,中远海科
002400,省广集团
002399,海普瑞
002398,垒知集团
002397,梦洁股份
002396,星网锐捷
002395,双象股份
002394,联发股份
002393,力生制药
002392,北京利尔
002391,长青股份
002390,信邦制药
002389,航天彩虹
002388,新亚制程
002387,维信诺
002386,天原股份
002385,大北农
002384,东山精密
002383,合众思壮
002382,蓝帆医疗
002381,双箭股份
002380,科远智慧
002379,宏桥控股
002378,章源钨业
002377,国创高新
002376,新北洋
002375,亚厦股份
002374,中锐股份
002373,千方科技
002372,伟星新材
002371,北方华创
002370,亚太药业
002369,卓翼科技
002368,太极股份
002367,康力电梯
002366,融发核电
002365,永安药业
002364,中恒电气
002363,隆基机械
002362,汉王科技
002361,神剑股份
002360,ST同德
002358,森源电气
002357,富临运业
002356,鹏飞绿能
002355,兴民智通
002354,天娱数科
002353,杰瑞股份
002352,顺丰控股
002351,漫步者
002350,北京科锐
002349,精华制药
002348,高乐股份
002347,泰尔股份
002346,柘中股份
002345,潮宏基
002344,海宁皮城
002343,慈文传媒
002342,巨力索具
002340,格林美
002339,积成电子
002338,奥普光电
002337,赛象科技
002335,科华数据
002334,英威腾
002333,罗普斯金
002332,仙琚制药
002331,皖通科技
002330,得利斯
002329,皇氏集团
002328,新朋股份
002327,富安娜
002326,永太科技
002324,普利特
002323,*ST雅博
002322,理工能科
002321,华英农业
002320,海峡股份
002319,乐通股份
002318,久立特材
002317,众生药业
002316,亚联发展
002315,焦点科技
002314,南山控股
002313,日海智能
002312,川发龙蟒
002311,海大集团
002310,东方新能
002309,中利集团
002307,北新路桥
002306,ST云网
002305,*ST南置
002304,洋河股份
002303,美盈森
002302,西部建设
002301,齐心集团
002300,太阳电缆
002299,圣农发展
002298,中电鑫龙
002297,博云新材
002296,辉煌科技
002295,精艺股份
002294,信立泰
002293,罗莱生活
002292,奥飞娱乐
002291,遥望科技
002290,禾盛新材
002289,宇顺电子
002287,奇正藏药
002286,保龄宝
002285,世联行
002284,亚太股份
002283,天润工业
002282,博深股份
002281,光迅科技
002279,久其软件
002278,神开股份
002277,友阿股份
002276,万马股份
002275,桂林三金
002274,华昌化工
002273,水晶光电
002272,川润股份
002271,东方雨虹
002270,华明装备
002269,美邦服饰
002268,电科网安
002267,陕天然气
002266,浙富控股
002265,建设工业
002264,新华都
002263,大东南
002262,恩华药业
002261,拓维信息
002259,升达林业
002258,利尔化学
002256,兆新股份
002255,海陆重工
002254,泰和新材
002253,川大智胜
002252,上海莱士
002251,步步高
002250,联化科技
002249,大洋电机
002248,华东数控
002247,聚力文化
002246,北化股份
002245,蔚蓝锂芯
002244,滨江集团
002243,力合科创
002242,九阳股份
002241,歌尔股份
002240,盛新锂能
002239,奥特佳
002238,天威视讯
002237,恒邦股份
002236,大华股份
002235,安妮股份
002234,民和股份
002233,塔牌集团
002232,启明信息
002230,科大讯飞
002229,鸿博股份
002228,合兴包装
002227,*ST特迅
002226,江南化工
002225,濮耐股份
002224,三力士
002223,鱼跃医疗
002222,福晶科技
002221,东华能源
002219,新里程
002218,拓日新能
002217,ST合力泰
002216,三全食品
002215,诺普信
002214,大立科技
002213,大为股份
002212,天融信
002211,ST宏达
002210,飞马国际
002209,达意隆
002208,合肥城建
002207,*ST准油
002206,海利得
002205,国统股份
002204,大连重工
002203,海亮股份
002202,金风科技
002201,九鼎新材
002200,交投生态
002199,东晶电子
002198,ST嘉应
002197,证通电子
002196,方正电机
002195,岩山科技
002194,武汉凡谷
002193,ST如意
002192,融捷股份
002191,劲嘉股份
002190,成飞集成
002189,中光学
002188,中天服务
002187,广百股份
002186,全聚德
002185,华天科技
002184,海得控制
002183,怡亚通
002182,宝武镁业
002181,粤传媒
002180,奔图科技
002179,中航光电
002178,延华智能
002177,御银股份
002176,江特电机
002175,*ST东智
002174,游族网络
002173,创新医疗
002172,澳洋健康
002171,楚江新材
002170,芭田股份
002169,智光电气
002168,ST惠程
002167,东方锆业
002166,莱茵生物
002165,红宝丽
002164,宁波东力
002163,海南发展
002162,悦心健康
002161,远望谷
002160,常铝股份
002159,三特索道
002158,汉钟精机
002157,正邦科技
002156,通富微电
002155,湖南黄金
002154,报喜鸟
002153,石基信息
002152,广电运通
002151,北斗星通
002150,正泰电源
002149,西部材料
002148,北纬科技
002146,荣盛发展
002145,钛能化学
002144,宏达高科
002142,宁波银行
002141,贤丰控股
002140,东华科技
002139,拓邦股份
002138,顺络电子
002137,实益达
002136,安纳达
002135,东南网架
002134,天津普林
002133,广宇集团
002132,恒星科技
002131,利欧股份
002130,沃尔核材
002129,TCL中环
002128,电投能源
002127,南极电商
002126,银轮股份
002125,湘潭电化
002124,天邦食品
002123,梦网科技
002122,ST汇洲
002121,科陆电子
002120,韵达股份
002119,康强电子
002117,东港股份
002116,中国海诚
002115,三维通信
002114,罗平锌电
002112,三变科技
002111,威海广泰
002110,三钢闽光
002109,ST兴化
002108,沧州明珠
002107,沃华医药
002106,莱宝高科
002105,信隆健康
002104,恒宝股份
002103,广博股份
002102,ST能特
002101,广东鸿图
002100,天康生物
002099,海翔药业
002098,浔兴股份
002097,山河智能
002096,易普力
002095,生意宝
002094,青岛金王
002093,国脉科技
002092,中泰化学
002091,江苏国泰
002090,金智科技
002088,鲁阳节能
002086,东方海洋
002085,万丰奥威
002084,海鸥住工
002083,孚日股份
002082,ST万邦
002081,金螳螂
002080,中材科技
002079,苏州固锝
002078,太阳纸业
002077,大港股份
002076,星光股份
002075,沙钢股份
002074,国轩高科
002073,软控股份
002072,凯瑞德
002069,獐子岛
002068,黑猫股份
002067,景兴纸业
002066,瑞泰科技
002065,东华软件
002064,华峰化学
002063,远光软件
002062,宏润建设
002061,浙江交科
002060,广东建工
002059,云南旅游
002058,紫竹高科
002057,中钢天源
002056,横店东磁
002055,ST得润
002054,德美化工
002053,云南能投
002052,同洲电子
002051,中工国际
002050,三花智控
002049,紫光国微
002048,宁波华翔
002047,宝鹰股份
002046,国机精工
002045,国光电器
002044,美年健康
002043,兔宝宝
002042,华孚时尚
002041,登海种业
002040,南京港
002039,黔源电力
002038,双鹭药业
002037,保利联合
002036,联创电子
002035,华帝股份
002034,旺能环境
002033,丽江股份
002032,苏泊尔
002031,巨轮智能
002030,达安基因
002029,七匹狼
002028,思源电气
002027,分众传媒
002026,山东威达
002025,航天电器
002024,ST易购
002023,海特高新
002022,科华生物
002021,中捷资源
002020,京新药业
002019,亿帆医药
002017,东信和平
002016,世荣兆业
002015,协鑫能科
002014,永新股份
002012,凯恩股份
002011,盾安环境
002010,传化智联
002009,天奇股份
002008,大族激光
002007,华兰生物
002006,精工科技
002005,德豪润达
002004,华邦健康
002003,伟星股份
002001,新和成
001979,招商蛇口
001965,招商公路
001914,招商积余
001896,豫能控股
001872,招商港口
001696,宗申动力
001400,江顺科技
001396,誉帆科技
001395,亚联机械
001391,国货航
001390,古麒绒材
001389,广合科技
001388,信通电子
001387,雪祺电气
001386,马可波罗
001382,新亚电缆
001380,华纬科技
001379,腾达科技
001378,德冠新材
001376,百通能源
001373,翔腾新材
001369,双欣材料
001368,通达创智
001367,海森药业
001366,播恩集团
001360,南矿集团
001359,平安电工
001358,兴欣新材
001356,富岭股份
001339,智微智能
001338,永顺泰
001337,四川黄金
001336,楚环科技
001335,信凯科技
001333,光华股份
001332,锡装股份
001331,胜通能源
001330,博纳影业
001328,登康口腔
001326,联域股份
001325,元创股份
001324,长青科技
001323,慕思股份
001322,箭牌家居
001319,铭科精技
001318,阳光乳业
001317,三羊马
001316,润贝航科
001314,亿道信息
001313,粤海饲料
001311,多利科技
001309,德明利
001308,康冠科技
001306,夏厦精密
001301,尚太科技
001300,三柏硕
001299,美能能源
001298,好上好
001296,长江材料
001289,龙源电力
001288,运机集团
001287,中电港
001286,陕西能源
001285,瑞立科密
001283,豪鹏科技
001282,三联锻造
001280,中国铀业
001279,强邦新材
001278,一彬科技
001277,速达股份
001270,铖昌科技
001269,欧晶科技
001268,联合精密
001267,汇绿生态
001266,宏英智能
001260,坤泰股份
001259,利仁科技
001258,立新能源
001256,炜冈科技
001255,博菲电气
001239,永达股份
001238,浙江正特
001236,弘业期货
001234,泰慕士
001233,海安集团
001231,农心科技
001230,劲旅环境
001229,魅视科技
001228,永泰运
001227,兰州银行
001226,拓山重工
001225,和泰机电
001223,欧克科技
001222,源飞宠物
001221,悍高集团
001219,青岛食品
001218,丽臣实业
001217,华尔泰
001216,华瓷股份
001215,千味央厨
001213,中铁特货
001212,中旗新材
001211,双枪科技
001210,金房能源
001209,洪兴股份
001208,华菱线缆
001207,联科科技
001206,依依股份
001205,盛航股份
001203,大中矿业
001202,炬申股份
001201,东瑞股份
000999,华润三九
000998,隆平高科
000997,新大陆
000995,皇台酒业
000993,闽东电力
000990,诚志股份
000989,九芝堂
000988,华工科技
000987,越秀资本
000985,大庆华科
000983,山西焦煤
000981,山子高科
000980,众泰汽车
000978,桂林旅游
000977,浪潮信息
000975,山金国际
000973,佛塑科技
000972,中基健康
000970,中科三环
000969,安泰科技
000968,蓝焰控股
000967,盈峰环境
000966,长源电力
000965,天保基建
000963,华东医药
000962,东方钽业
000960,锡业股份
000959,首钢股份
000958,电投产融
000957,中通客车
000955,欣龙控股
000953,中哲精化
000952,广济药业
000951,中国重汽
000950,重药控股
000949,新乡化纤
000948,南天信息
000938,紫光股份
000937,冀中能源
000936,华西股份
000935,四川双马
000933,神火股份
000932,华菱钢铁
000931,中关村
000930,中粮科技
000929,兰州黄河
000928,中钢国际
000927,中国铁物
000926,福星股份
000925,众合科技
000923,河钢资源
000922,佳电股份
000921,海信家电
000920,沃顿科技
000919,金陵药业
000917,电广传媒
000915,华特达因
000913,钱江摩托
000912,泸天化
000911,*ST广糖
000910,大亚圣象
000909,*ST数源
000908,石药景峰
000906,浙商中拓
000905,厦门港务
000903,ST云动
000902,新洋丰
000901,航天科技
000900,现代投资
000899,赣能股份
000898,鞍钢股份
000897,津滨发展
000895,双汇发展
000893,亚钾国际
000892,欢瑞世纪
000890,法尔胜
000889,中嘉博创
000888,峨眉山A
000887,中鼎股份
000886,海南高速
000885,城发环境
000883,湖北能源
000882,华联股份
000881,中广核技
000880,潍柴重机
000878,云南铜业
000877,天山股份
000876,新希望
000875,电投绿能
000869,张裕A
000868,安凯客车
000863,三湘印象
000862,银星能源
000860,顺鑫农业
000859,国风新材
000858,五粮液
000856,冀东装备
000852,石化机械
000850,华茂股份
000848,承德露露
000839,国安股份
000838,*ST发展
000837,秦川机床
000833,粤桂股份
000831,中国稀土
000830,鲁西化工
000829,天音控股
000828,东莞控股
000826,*ST启环
000825,太钢不锈
000823,超声电子
000822,山东海化
000821,ST京机
000820,神雾节能
000819,岳阳兴长
000818,航锦科技
000816,智慧农业
000815,美利云
000813,德展健康
000812,陕西金叶
000811,冰轮环境
000810,创维数字
000809,和展能源
000807,云铝股份
000803,山高环能
000802,北京文化
000801,四川九洲
000800,一汽解放
000799,酒鬼酒
000798,中水渔业
000797,中国武夷
000796,凯撒旅业
000795,英洛华
000793,ST华闻
000792,盐湖股份
000791,甘肃能源
000790,华神科技
000789,万年青
000788,北大医药
000786,北新建材
000785,居然智家
000783,长江证券
000782,恒申新材
000779,甘咨询
000778,新兴铸管
000777,中核科技
000776,广发证券
000768,中航西飞
000767,晋控电力
000766,通化金马
000762,西藏矿业
000761,本钢板材
000759,中百集团
000758,中色股份
000757,浩物股份
000756,新华制药
000755,山西高速
000753,漳州发展
000752,*ST西发
000751,锌业股份
000750,国海证券
000739,普洛药业
000738,航发控制
000737,北方铜业
000736,中交发展
000735,罗牛山
000733,振华科技
000731,四川美丰
000729,燕京啤酒
000728,国元证券
000727,冠捷科技
000726,鲁泰A
000725,京东方A
000723,美锦能源
000722,湖南发展
000721,西安饮食
000720,新能泰山
000719,中原传媒
000718,苏宁环球
000717,中南股份
000716,黑芝麻
000715,中兴商业
000713,国投丰乐
000712,锦龙股份
000711,京蓝科技
000710,贝瑞基因
000709,河钢股份
000708,中信特钢
000707,双环科技
000705,浙江震元
000703,恒逸石化
000702,正虹科技
000701,厦门信达
000700,模塑科技
000698,ST沈化
000697,炼石航空
000695,滨海能源
000692,惠天热电
000691,亚太实业
000690,宝新能源
000688,国城矿业
000686,东北证券
000685,中山公用
000683,博源化工
000682,东方电子
000681,视觉中国
000680,山推股份
000679,大连友谊
000678,襄阳轴承
000677,ST海龙
000676,智度股份
000672,上峰材料
000670,盈方微
000669,ST金鸿
000668,荣丰控股
000665,湖北广电
000663,永安林业
000661,长春高新
000659,珠海中富
000657,中钨高新
000656,金科股份
000655,金岭矿业
000652,泰达股份
000651,格力电器
000650,仁和药业
000639,ST西王
000637,茂化实华
000636,风华高科
000635,英力特
000633,合金投资
000632,ST三木
000631,顺发恒能
000630,铜陵有色
000629,钒钛股份
000628,高新发展
000626,远大控股
000625,长安汽车
000623,吉林敖东
000620,盈新发展
000619,海螺新材
000617,中油资本
000615,*ST美谷
000612,焦作万方
000610,*ST西旅
000609,*ST中迪
000608,阳光股份
000607,华媒控股
000605,渤海股份
000603,盛达资源
000601,韶能股份
000600,建投能源
000599,青岛双星
000598,兴蓉环境
000597,东北制药
000596,古井贡酒
000595,新能股份
000593,德龙汇能
000592,平潭发展
000591,太阳能
000590,古汉医药
000589,贵州轮胎
000586,汇源通信
000582,北部湾港
000581,威孚高科
000576,甘化科工
000573,粤宏远A
000572,海马汽车
000571,新大洲A
000570,苏常柴A
000568,泸州老窖
000567,海德股份
000566,海南海药
000565,渝三峡A
000564,供销大集
000563,陕国投A
000561,烽火电子
000560,我爱我家
000559,万向钱潮
000558,天府文旅
000557,西部创业
000555,神州信息
000554,泰山石油
000553,安道麦A
000552,甘肃能化
000551,创元科技
000550,江铃汽车
000548,湖南投资
000547,航天发展
000546,金圆股份
000545,金浦钛业
000544,中原环保
000543,皖能电力
000541,佛山照明
000539,粤电力A
000538,云南白药
000537,绿发电力
000536,华映科技
000534,万泽股份
000533,顺钠股份
000532,华金资本
000531,穗恒运A
000530,冰山冷热
000529,广弘控股
000528,柳工
000526,学大教育
000525,红太阳
000524,岭南控股
000523,红棉股份
000521,长虹美菱
000520,凤凰航运
000519,中兵红箭
000518,四环生物
000517,荣安地产
000516,国际医学
000514,渝开发
000513,丽珠集团
000510,新金路
000509,华塑控股
000507,珠海港
000506,招金黄金
000505,京粮控股
000504,南华生物
000503,国新健康
000501,武商集团
000498,山东路桥
000488,ST晨鸣
000430,张家界
000429,粤高速A
000428,华天酒店
000426,兴业银锡
000425,徐工机械
000423,东阿阿胶
000422,湖北宜化
000421,南京公用
000420,吉林化纤
000419,通程控股
000417,合百集团
000415,渤海租赁
000411,英特集团
000410,沈阳机床
000409,云鼎科技
000408,藏格矿业
000407,胜利股份
000404,长虹华意
000403,派林生物
000402,金融街
000401,金隅冀东
000400,许继电气
000338,潍柴动力
000333,美的集团
000301,东方盛虹
000166,申万宏源
000159,国际实业
000158,常山北明
000157,中联重科
000156,华数传媒
000155,川能动力
000153,丰原药业
000151,中成股份
000100,TCL科技
000099,中信海直
000096,广聚能源
000090,天健集团
000089,深圳机场
000088,盐田港
000078,ST海王
000070,特发信息
000069,华侨城A
000068,华控赛格
000066,中国长城
000065,北方国际
000063,中兴通讯
000062,深圳华强
000061,农产品
000060,中金岭南
000059,华锦股份
000058,深赛格
000056,*ST皇庭
000055,方大集团
000050,深天马A
000049,德赛电池
000048,京基智农
000045,深纺织A
000042,中洲控股
000039,中集集团
000037,深南电A
000036,华联控股
000035,中国天楹
000034,神州数码
000032,深桑达A
000031,大悦城
000030,富奥股份
000029,深深房A
000028,国药一致
000027,深圳能源
000026,飞亚达
000025,特力A
000021,深科技
000020,深华发A
000019,深粮控股
000017,深中华A
000016,*ST康佳A
000014,沙河股份
000012,南玻A
000011,深物业A
000010,*ST美丽
000009,中国宝安
000008,神州高铁
000007,全新好
000006,深振业A
000002,万科A
000001,平安银行
