date,open,high,low,close,volume,amount,outstanding_share,turnover
2026-04-09,14.09,15.3,13.93,15.3,16179428.0,245213584.0,209184005.0,0.07734543566081929
2026-04-10,16.21,16.83,15.93,16.83,35830158.0,592199521.0,209184005.0,0.17128536189944352
2026-04-13,16.07,16.76,16.05,16.5,52301559.0,861408067.0,209184005.0,0.25002656871398937
2026-04-14,16.32,16.71,16.16,16.29,31382445.0,515743227.0,209184005.0,0.15002315784134643
2026-04-15,16.34,17.05,16.12,16.72,49481694.0,827648003.0,209184005.0,0.2365462598347326
2026-04-16,16.28,16.62,16.12,16.62,31910441.0,525274188.0,209184005.0,0.15254723228002065
2026-04-17,16.54,17.91,16.32,17.27,49221462.0,855073516.0,209184005.0,0.23530222590393562
2026-04-20,17.31,19.0,17.25,17.99,48264729.0,883949020.0,209184005.0,0.23072858271357793
2026-04-21,17.63,19.11,17.54,18.01,44475920.0,809865834.0,209184005.0,0.21261625619989444
2026-04-22,17.52,18.36,17.52,17.79,34048777.0,610846916.0,209184005.0,0.1627695052496963
2026-04-23,17.6,17.78,16.96,16.97,32569649.0,562668436.0,209184005.0,0.15569856309042368
2026-04-24,16.94,16.97,16.36,16.5,18004865.0,298838391.0,209184005.0,0.08607190114750886
2026-04-27,16.48,17.15,16.48,16.89,18640134.0,315565446.0,209184005.0,0.08910879204172423
2026-04-28,16.72,16.8,16.24,16.26,16393800.0,270657853.0,209184005.0,0.07837023676834183
2026-04-29,16.26,16.87,16.24,16.56,16641956.0,278247814.0,209184005.0,0.07955654161990063
2026-04-30,16.71,17.14,16.35,16.39,14213056.0,235554057.0,209184005.0,0.06794523319314018
2026-05-06,16.73,17.11,16.6,16.95,23565391.0,398811052.0,209184005.0,0.1126538857500123
2026-05-07,17.26,17.91,17.03,17.71,27467273.0,486317482.0,209184005.0,0.13130675550456164
2026-05-08,17.42,18.09,17.27,17.89,23617665.0,420580510.0,209184005.0,0.11290378057347167
2026-05-11,18.17,19.0,18.04,18.3,27441576.0,509832644.0,209184005.0,0.13118391150413244
2026-05-12,18.11,19.09,18.01,18.76,26630609.0,498842676.0,209184005.0,0.1273070997947477
2026-05-13,18.44,19.29,18.41,18.68,25394721.0,481939380.0,209184005.0,0.12139896164623103
2026-05-14,18.8,19.66,18.56,19.18,32780396.0,629680469.0,209184005.0,0.15670603495711827
2026-05-15,18.99,19.07,17.98,18.16,30369860.0,562350871.0,209184005.0,0.14518251526927214
2026-05-18,17.89,18.4,17.79,18.27,16211571.0,297018476.0,209184005.0,0.07749909463680074
2026-05-19,18.16,18.5,17.71,18.48,13921594.0,254328507.0,209184005.0,0.06655190486481029
2026-05-20,18.3,18.41,17.91,18.17,10976212.0,199956570.0,209184005.0,0.052471564448725416
2026-05-21,19.99,19.99,19.21,19.59,20002063.0,397551881.0,209184005.0,0.09561946669870863
2026-05-22,19.01,19.3,17.74,18.89,47418891.0,892439501.0,209184005.0,0.22668507087814865
2026-05-25,19.22,19.4,18.66,19.01,30461620.0,581725818.0,209184005.0,0.14562117213503012
2026-05-26,18.88,19.82,18.6,19.62,38376368.0,747980113.0,209184005.0,0.18345746846179756
2026-05-27,19.61,20.77,19.23,19.78,41392198.0,831001277.0,209184005.0,0.19787458414901274
2026-05-28,19.48,20.58,19.37,19.71,35721776.0,718560305.0,209184005.0,0.17076724389132908
2026-05-29,19.69,19.79,18.23,18.39,31473340.0,597423980.0,209184005.0,0.15045767959170683
2026-06-01,18.25,19.8,18.24,18.91,23093004.0,444654634.0,209184005.0,0.11039564903635916
2026-06-02,18.42,20.8,18.27,20.8,29118496.0,595418036.0,209184005.0,0.13920039440874077
2026-06-03,20.75,20.96,19.9,20.19,46589616.0,954575245.0,209184005.0,0.22272073813674234
2026-06-04,19.71,20.73,19.46,20.4,42095976.0,851170403.0,209184005.0,0.20123898096319554
2026-06-05,19.8,22.39,19.7,21.65,55825990.0,1204300763.0,209184005.0,0.266875041425849
2026-06-08,20.7,22.02,20.2,20.59,43599228.0,920692143.0,209184005.0,0.2084252474274981
2026-06-09,21.01,21.2,19.76,20.86,35634178.0,726217956.0,209184005.0,0.1703484833842817
2026-06-10,20.07,21.56,19.2,21.35,48543282.0,1003226597.0,209184005.0,0.2320601998226394
2026-06-11,20.45,20.65,19.22,19.22,30567767.0,605284013.0,209184005.0,0.14612860576983408
2026-06-12,18.28,18.69,17.3,17.3,18505572.0,327013712.0,209184005.0,0.08846552106123028
2026-06-15,16.22,17.84,16.22,17.43,42082796.0,724569304.0,209184005.0,0.20117597423378522
2026-06-16,17.42,18.27,16.66,17.87,36393648.0,643034639.0,209184005.0,0.17397911470334454
2026-06-17,17.62,19.18,17.53,18.5,38392913.0,708184427.0,209184005.0,0.18353656150717643
2026-06-18,18.4,18.4,17.26,17.29,35328369.0,619895068.0,209184005.0,0.16888656950611497
2026-06-22,17.5,17.86,16.68,17.01,28354440.0,486373360.0,209184005.0,0.13554783980735047
2026-06-23,17.07,18.71,17.07,18.71,38169372.0,694210419.0,209184005.0,0.1824679281764397
2026-06-24,18.52,18.7,17.52,18.01,37903448.0,685878856.0,209184005.0,0.18119668375218267
2026-06-25,18.8,19.0,17.38,17.58,35754980.0,641526771.0,209184005.0,0.17092597495683287
2026-06-26,17.8,19.34,17.45,19.34,53960529.0,1016789433.0,209184005.0,0.2579572419984979
2026-06-29,20.01,21.27,19.8,20.96,68808603.0,1414565937.0,209184005.0,0.3289381661853161
2026-06-30,19.95,22.36,19.95,21.98,64684865.0,1388440043.0,209215730.0,0.30917782807248767
2026-07-01,20.85,21.18,20.06,20.66,48627111.0,1000749009.0,209215730.0,0.23242569284823852
2026-07-02,19.53,19.81,18.59,18.79,40774375.0,775099481.0,209215730.0,0.194891536119201
2026-07-03,18.53,18.74,17.5,17.61,30132751.0,539959073.0,209215730.0,0.14402717711521978
2026-07-06,17.62,17.73,16.2,16.22,28059235.0,468103961.0,209215730.0,0.13411627796820058
2026-07-07,16.0,16.32,15.37,15.56,19417000.0,306724417.0,209215730.0,0.09280850918809977
2026-07-08,15.45,15.6,14.71,14.78,17672121.0,264517406.0,209215730.0,0.08446841449254318
2026-07-09,14.82,15.37,14.17,14.8,19277920.0,282243037.0,209215730.0,0.09214374081719381
2026-07-10,14.66,15.16,14.4,14.4,21884497.0,325431988.0,209215730.0,0.10460254111868166
2026-07-13,14.4,14.5,13.3,13.38,17186244.0,235872487.0,209215730.0,0.0821460413134328
2026-07-14,13.36,13.64,13.03,13.6,14415800.0,193592138.0,209215730.0,0.06890399684574386
2026-07-15,13.68,13.77,13.17,13.18,12922576.0,172315249.0,209215730.0,0.06176675147705194
2026-07-16,13.0,13.44,12.96,13.0,11911368.0,157321405.0,209215730.0,0.05693342465215211
2026-07-17,13.0,13.04,11.98,12.03,16125408.0,200812448.0,209215730.0,0.07707550479115505
2026-07-20,12.25,12.32,10.96,11.2,17427261.0,201668384.0,209215730.0,0.08329804360312679
2026-07-21,11.29,11.85,10.42,11.85,20870158.0,234156561.0,209215730.0,0.09975424887985239
2026-07-22,11.65,11.88,11.5,11.53,13476088.0,157296486.0,209215730.0,0.064412403407717
2026-07-23,11.53,11.76,11.42,11.75,9174188.0,106621071.0,209215730.0,0.04385037396566692
2026-07-24,11.59,11.7,11.3,11.49,7823732.0,90027634.0,209215730.0,0.037395524705527636
2026-07-27,11.33,11.98,11.33,11.95,10439888.0,122934322.0,209215730.0,0.04990011028329466
2026-07-28,11.77,12.35,11.75,11.99,11065541.0,133874064.0,209215730.0,0.05289057854301873
2026-07-29,11.88,12.04,11.6,12.03,9632220.0,114032487.0,209215730.0,0.046039654857691625
2026-07-30,11.95,12.06,11.56,11.61,8916201.0,105080877.0,209215730.0,0.04261725922807047
2026-07-31,12.24,12.24,11.92,11.93,10434801.0,125791445.0,209215730.0,0.049875795667945234
2026-08-03,11.96,12.15,11.88,12.13,7329912.0,88532033.0,209215730.0,0.035035185929853364
2026-08-04,12.2,12.69,12.17,12.6,10376995.0,129420667.0,209215730.0,0.04959949713150154
2026-08-05,12.62,13.04,12.52,12.97,12090620.0,155651334.0,209215730.0,0.05779020535406205
2026-08-06,12.9,13.2,12.82,13.15,11328584.0,147814569.0,209215730.0,0.05414785972354947
2026-08-07,13.16,13.38,12.91,13.37,10841564.0,143215266.0,209215730.0,0.051820023284100104
2026-08-10,13.4,13.45,12.95,13.25,8766400.0,115264945.0,209215730.0,0.041901247100301686
2026-08-11,13.06,13.15,12.8,13.03,12512393.0,162587825.0,209215730.0,0.059806177097678076
2026-08-12,13.02,13.24,12.96,13.22,7595765.0,99791113.0,209215730.0,0.03630589822285351
2026-08-13,13.32,13.37,12.86,12.86,8482700.0,111091185.0,209215730.0,0.040545230513977126
2026-08-14,12.9,13.07,12.81,13.04,6859268.0,88754993.0,209215730.0,0.0327856227636421
2026-08-17,13.16,13.32,12.91,13.31,7617300.0,100299530.0,209215730.0,0.0364088302538246
2026-08-18,13.25,13.9,13.23,13.55,20168911.0,273330160.0,209215730.0,0.09640245979592452
2026-08-19,13.0,13.44,12.8,12.83,15799800.0,206643259.0,209215730.0,0.0755191782185785
2026-08-20,13.02,13.11,12.64,12.74,8785820.0,112247570.0,209215730.0,0.04199406994875576
2026-08-21,12.6,12.89,12.39,12.8,7815539.0,99387430.0,209215730.0,0.037356364170131946
2026-08-24,12.76,12.86,12.24,12.44,6350472.0,79231678.0,209215730.0,0.03035370237218779
2026-08-25,12.4,12.77,12.14,12.7,6697372.0,83780237.0,209215730.0,0.032011799495190923
2026-08-26,12.71,12.74,12.36,12.57,5295432.0,66524479.0,209215730.0,0.02531086931178645
2026-08-27,12.62,12.82,12.56,12.78,5718168.0,72666419.0,209215730.0,0.027331443959782566
2026-08-28,12.75,13.16,12.72,12.94,7057200.0,91667353.0,209215730.0,0.033731689295063996
2026-08-31,12.86,13.23,12.77,13.2,6801900.0,88846484.0,209215730.0,0.03251141776003171
2026-09-01,13.25,13.28,12.99,13.13,6022089.0,79033555.0,209215730.0,0.028784111978578285
2026-09-02,12.95,13.13,12.88,13.05,4577032.0,59512939.0,209215730.0,0.02187709308473125
2026-09-03,13.03,13.26,12.88,13.0,5396130.0,70445211.0,209215730.0,0.025792181113724097
2026-09-04,13.05,13.18,12.72,12.82,6260848.0,81331131.0,209215730.0,0.029925321580743475
2026-09-07,12.77,13.04,12.77,12.96,4631192.0,59928732.0,209215730.0,0.022135964633252004
2026-09-08,12.9,13.5,12.9,13.28,11659900.0,155022256.0,209215730.0,0.055731469139533626
2026-09-09,13.25,13.35,12.99,13.07,7574700.0,99638668.0,209215730.0,0.0362052126768862
2026-09-10,13.01,13.01,12.72,12.83,4966600.0,63757798.0,209215730.0,0.023739132808035038
2026-09-11,12.61,13.0,12.52,12.86,6898200.0,87988358.0,209215730.0,0.032971708198040364
2026-09-14,12.76,13.24,12.6,13.17,7927300.0,103791429.0,209215730.0,0.03789055440525433
2026-09-15,13.13,13.24,13.0,13.12,7518800.0,98636186.0,209215730.0,0.035938024354096126
2026-09-16,13.03,13.46,13.03,13.43,10106796.0,134603819.0,209215730.0,0.04830801202184941
2026-09-17,13.38,13.7,13.26,13.39,11285200.0,151377407.0,209215730.0,0.05394049481843454
2026-09-18,13.66,13.66,13.36,13.5,9747088.0,131584887.0,209215730.0,0.04658869579261559
2026-09-21,13.5,13.79,13.44,13.68,8498508.0,116123486.0,209215730.0,0.04062078888618939
2026-09-22,13.72,13.82,13.53,13.64,7773300.0,106231852.0,209215730.0,0.037154472084866656
2026-09-23,13.59,13.91,13.59,13.71,7532100.0,103615936.0,209215730.0,0.03600159509994779
2026-09-24,13.63,13.75,13.35,13.42,6279140.0,85015316.0,209215730.0,0.030012752865188484
2026-09-28,13.68,14.76,13.53,14.76,31291098.0,457594981.0,209215730.0,0.14956379235920741
2026-09-29,14.23,15.15,14.22,14.7,53072478.0,784642303.0,209215730.0,0.25367345944781494
2026-09-30,14.73,16.17,14.54,16.17,35685714.0,557837366.0,209215730.0,0.17056898159617348
